filename,label
3f58d128caf6.jpg,"[0, 0, 1, 0]"
4ce6599e7b20.jpg,"[1, 0, 0, 0]"
0def470360e4.jpg,"[1, 0, 0, 0]"
802b4bfabd52.jpg,"[1, 0, 0, 0]"
597b3e48c937.jpg,"[1, 0, 0, 0]"
4bf3e70ef40b.jpg,"[1, 0, 0, 0]"
b2dfb1372f52.jpg,"[0, 1, 0, 0]"
b1f2d17c07f0.jpg,"[0, 1, 0, 0]"
0ea8bcd5d303.jpg,"[1, 0, 0, 0]"
cd012eeaa6d6.jpg,"[0, 1, 0, 0]"
84889f768508.jpg,"[0, 1, 0, 0]"
1decb26d1151.jpg,"[0, 1, 0, 0]"
5e23d25c2097.jpg,"[0, 1, 0, 0]"
793ddb427eec.jpg,"[0, 1, 0, 0]"
68e7462b870f.jpg,"[0, 1, 0, 0]"
f296dbe7fd0a.jpg,"[0, 1, 0, 0]"
cb347296b274.jpg,"[0, 1, 0, 0]"
afd3afb6fd29.jpg,"[0, 0, 1, 0]"
0b2ddf34a500.jpg,"[0, 0, 1, 0]"
632cbfdeb992.jpg,"[0, 0, 1, 0]"
a6c6487951d4.jpg,"[0, 1, 0, 0]"
eb8850b40d1d.jpg,"[0, 1, 0, 0]"
b8e83a405b7b.jpg,"[0, 0, 1, 0]"
ac40a08f5ee4.jpg,"[0, 0, 1, 0]"
8ccb32515935.jpg,"[0, 1, 0, 0]"
e66a1c4f9490.jpg,"[0, 1, 0, 0]"
94dfc338828b.jpg,"[1, 0, 0, 0]"
6a7cf7cd8eb0.jpg,"[0, 1, 0, 0]"
f0290980da7c.jpg,"[0, 0, 1, 0]"
0b4bd7d276a0.jpg,"[0, 0, 1, 0]"
e4db8a524956.jpg,"[1, 0, 0, 0]"
ea4c6453b94c.jpg,"[1, 0, 0, 0]"
7bd61662bcfd.jpg,"[1, 0, 0, 0]"
c950a5da6b75.jpg,"[1, 0, 0, 0]"
bce12a9a6e1b.jpg,"[0, 0, 1, 0]"
dad955629fb2.jpg,"[0, 0, 1, 0]"
95d7b6a2bcf0.jpg,"[0, 0, 1, 0]"
6ed3791c4be2.jpg,"[0, 0, 1, 0]"
533208b6c35c.jpg,"[0, 0, 1, 0]"
7c836648d360.jpg,"[0, 0, 1, 0]"
b60b9bd6d1d6.jpg,"[0, 0, 1, 0]"
a22d2d2b6e83.jpg,"[0, 0, 1, 0]"
e5c1ae671678.jpg,"[0, 0, 1, 0]"
c6cd48bc64c8.jpg,"[0, 0, 1, 0]"
60f6611119ba.jpg,"[0, 0, 1, 0]"
96025a431f6f.jpg,"[0, 0, 1, 0]"
7bfaa052d9fb.jpg,"[0, 0, 1, 0]"
03f49eed22ed.jpg,"[1, 0, 0, 0]"
36dc1b6ca770.jpg,"[1, 0, 0, 0]"
bcac5b05684e.jpg,"[1, 0, 0, 0]"
c0708c9ad859.jpg,"[0, 0, 1, 0]"
3d9dc7e35628.jpg,"[1, 0, 0, 0]"
2b5b5dd2a1d8.jpg,"[0, 0, 1, 0]"
1056de5b5fcb.jpg,"[0, 0, 1, 0]"
e8c9895dc2fc.jpg,"[0, 0, 1, 0]"
ad654a7f9c59.jpg,"[0, 0, 1, 0]"
27c47ead5334.jpg,"[0, 0, 1, 0]"
31d91f2ed680.jpg,"[1, 0, 0, 0]"
29e01b530ee3.jpg,"[1, 0, 0, 0]"
54eb289bbd93.jpg,"[0, 1, 0, 0]"
b9e7d06cca64.jpg,"[0, 1, 0, 0]"
253bd7644ed4.jpg,"[0, 0, 1, 0]"
f2fb63351726.jpg,"[1, 0, 0, 0]"
2822888d0caa.jpg,"[1, 0, 0, 0]"
ab951af9fb7d.jpg,"[1, 0, 0, 0]"
7cc7c2706bc9.jpg,"[1, 0, 0, 0]"
2ce3a71c12dd.jpg,"[1, 0, 0, 0]"
fa0abaae4ddf.jpg,"[0, 1, 0, 0]"
a1585b882bf8.jpg,"[0, 1, 0, 0]"
6c68d7845b9e.jpg,"[0, 0, 1, 0]"
b271de181604.jpg,"[0, 0, 1, 0]"
57382a6bdefa.jpg,"[1, 0, 0, 0]"
9f7c6ab168d1.jpg,"[1, 0, 0, 0]"
69a3d1f39c7c.jpg,"[0, 0, 1, 0]"
d01ba9ad6048.jpg,"[1, 0, 0, 0]"
970487fb8e3d.jpg,"[1, 0, 0, 0]"
bf9f25c839b7.jpg,"[0, 1, 0, 0]"
cb4ee2968136.jpg,"[0, 1, 0, 0]"
a31678f948c6.jpg,"[0, 0, 1, 0]"
505476497223.jpg,"[0, 0, 1, 0]"
5f578791b021.jpg,"[0, 1, 0, 0]"
12d5386b6ab9.jpg,"[0, 1, 0, 0]"
ed23ae1bda3a.jpg,"[0, 1, 0, 0]"
26172bf3e65b.jpg,"[0, 1, 0, 0]"
68577cfa7d35.jpg,"[0, 1, 0, 0]"
143f141c723f.jpg,"[0, 0, 1, 0]"
364d22c298f8.jpg,"[0, 0, 1, 0]"
fa35ee8922b9.jpg,"[0, 0, 1, 0]"
88c497404f7d.jpg,"[0, 0, 1, 0]"
3b53a2f246ab.jpg,"[0, 1, 0, 0]"
1f4ee11b9a72.jpg,"[0, 0, 1, 0]"
241e0609ce71.jpg,"[0, 1, 0, 0]"
6c922d8a6b07.jpg,"[0, 1, 0, 0]"
e910121ead58.jpg,"[0, 0, 1, 0]"
66ac30d509ab.jpg,"[0, 0, 1, 0]"
6382d0a2637a.jpg,"[0, 0, 1, 0]"
b3226f5b5ab6.jpg,"[0, 0, 1, 0]"
a8b264341978.jpg,"[0, 1, 0, 0]"
49a6b9289e89.jpg,"[1, 0, 0, 0]"
50c7b9031047.jpg,"[0, 1, 0, 0]"
7d28e699d638.jpg,"[0, 1, 0, 0]"
2ad685262f73.jpg,"[0, 1, 0, 0]"
c51b90e2916c.jpg,"[0, 1, 0, 0]"
528512edb832.jpg,"[0, 1, 0, 0]"
b6e799e58965.jpg,"[1, 0, 0, 0]"
0198a86bd11b.jpg,"[0, 0, 1, 0]"
ce943ead1433.jpg,"[1, 0, 0, 0]"
210af0fb3183.jpg,"[1, 0, 0, 0]"
f279bccf7863.jpg,"[1, 0, 0, 0]"
8876049f1e2b.jpg,"[1, 0, 0, 0]"
82f3e4e19bc5.jpg,"[1, 0, 0, 0]"
df6bbddaaed9.jpg,"[1, 0, 0, 0]"
b9ce3e348cb7.jpg,"[0, 1, 0, 0]"
6e40dc6bc0e6.jpg,"[0, 1, 0, 0]"
c6e95981d5e1.jpg,"[0, 1, 0, 0]"
951c6abcbb6b.jpg,"[0, 1, 0, 0]"
24cead9d83c4.jpg,"[0, 1, 0, 0]"
d6eacebfcca6.jpg,"[1, 0, 0, 0]"
45f19997d6e5.jpg,"[1, 0, 0, 0]"
8c494c3db95a.jpg,"[0, 0, 1, 0]"
4b0b6b076016.jpg,"[1, 0, 0, 0]"
49a3d5a0495a.jpg,"[1, 0, 0, 0]"
61a58ca0eabf.jpg,"[1, 0, 0, 0]"
c4548a6e55ee.jpg,"[0, 0, 1, 0]"
075b6112b8d3.jpg,"[0, 0, 1, 0]"
d3d47b9d7464.jpg,"[0, 0, 1, 0]"
f21977036e67.jpg,"[0, 0, 1, 0]"
7e7286fc29a6.jpg,"[0, 1, 0, 0]"
fd25619562dd.jpg,"[1, 0, 0, 0]"
f222d3801345.jpg,"[0, 0, 1, 0]"
e19454e65799.jpg,"[0, 1, 0, 0]"
2e1ddf045410.jpg,"[0, 1, 0, 0]"
c2de8a43bc88.jpg,"[0, 1, 0, 0]"
fcf3d9411ad2.jpg,"[0, 1, 0, 0]"
7dbbe2b3a922.jpg,"[0, 1, 0, 0]"
ccba56575ab9.jpg,"[0, 1, 0, 0]"
aeac99f22fa0.jpg,"[0, 1, 0, 0]"
01f94a77a3d5.jpg,"[1, 0, 0, 0]"
09d2e808a9db.jpg,"[0, 1, 0, 0]"
c9580213f181.jpg,"[0, 1, 0, 0]"
c3cf757a3d03.jpg,"[0, 1, 0, 0]"
d6184ef423e0.jpg,"[0, 0, 1, 0]"
1b3e12c19c5c.jpg,"[0, 0, 1, 0]"
c56fb7da8d29.jpg,"[0, 0, 1, 0]"
49c7df207bf7.jpg,"[0, 0, 1, 0]"
cf25d71b6436.jpg,"[0, 1, 0, 0]"
a10edb8f03c2.jpg,"[1, 0, 0, 0]"
085cff5e3e72.jpg,"[1, 0, 0, 0]"
40cf6a460a0c.jpg,"[1, 0, 0, 0]"
2cd8aa1ddf14.jpg,"[0, 1, 0, 0]"
2ef12764b57f.jpg,"[0, 1, 0, 0]"
7f50931443a3.jpg,"[0, 1, 0, 0]"
d5b08b5a192f.jpg,"[0, 0, 1, 0]"
da526f941c12.jpg,"[0, 0, 1, 0]"
7bddff0ff822.jpg,"[0, 1, 0, 0]"
97690283ff7b.jpg,"[1, 0, 0, 0]"
898d2ae71440.jpg,"[0, 0, 1, 0]"
929940e276fd.jpg,"[0, 0, 1, 0]"
a4205a893668.jpg,"[1, 0, 0, 0]"
c92b4078dd1c.jpg,"[0, 1, 0, 0]"
7d4af1ab66da.jpg,"[1, 0, 0, 0]"
f31183c815e1.jpg,"[1, 0, 0, 0]"
b7c82d4bb028.jpg,"[1, 0, 0, 0]"
59664e01272e.jpg,"[0, 0, 1, 0]"
88c17fd7d992.jpg,"[0, 0, 1, 0]"
d7d22cab711d.jpg,"[0, 0, 1, 0]"
743f5d3b1748.jpg,"[1, 0, 0, 0]"
2e3e49d6d7c3.jpg,"[1, 0, 0, 0]"
9beb786c1b65.jpg,"[1, 0, 0, 0]"
d3af430b17ec.jpg,"[0, 0, 1, 0]"
2fc22863d7ed.jpg,"[0, 0, 1, 0]"
12e52c4dd78b.jpg,"[0, 0, 1, 0]"
71d61de7b5d9.jpg,"[1, 0, 0, 0]"
61d48a5fda23.jpg,"[0, 0, 1, 0]"
5f4bdf489b5c.jpg,"[0, 0, 1, 0]"
720b066e6944.jpg,"[0, 1, 0, 0]"
7584a283ef54.jpg,"[0, 1, 0, 0]"
d6f46c5af2a1.jpg,"[0, 1, 0, 0]"
bb64dcaeda05.jpg,"[0, 1, 0, 0]"
0397f6cf0d13.jpg,"[0, 1, 0, 0]"
7dc78153ffa5.jpg,"[0, 0, 1, 0]"
73ed12bc4ce4.jpg,"[1, 0, 0, 0]"
a3d395097327.jpg,"[1, 0, 0, 0]"
b4869db06cf6.jpg,"[1, 0, 0, 0]"
9d5f56b15a06.jpg,"[0, 0, 1, 0]"
3d2e26e77f13.jpg,"[0, 0, 1, 0]"
4ed1bc5d268b.jpg,"[0, 0, 1, 0]"
ce7ae9febdd3.jpg,"[0, 0, 1, 0]"
e93660b2116d.jpg,"[0, 0, 1, 0]"
b515a3ca0401.jpg,"[0, 0, 1, 0]"
2333a84acd38.jpg,"[0, 0, 1, 0]"
265d32a002e8.jpg,"[0, 0, 1, 0]"
a9c83ea8427f.jpg,"[0, 1, 0, 0]"
625695609806.jpg,"[0, 1, 0, 0]"
c631ac764078.jpg,"[0, 1, 0, 0]"
9f5747f8a133.jpg,"[0, 0, 1, 0]"
e2fe75a8e375.jpg,"[0, 0, 1, 0]"
feae62a149de.jpg,"[0, 0, 1, 0]"
f7fc1fa7a312.jpg,"[0, 1, 0, 0]"
d55e992ef993.jpg,"[0, 0, 1, 0]"
b62c78674072.jpg,"[0, 0, 1, 0]"
1a58ce01d899.jpg,"[0, 1, 0, 0]"
b78c75c7bff9.jpg,"[0, 1, 0, 0]"
e29936940f53.jpg,"[0, 1, 0, 0]"
f14e1d8912fd.jpg,"[0, 1, 0, 0]"
09f3feac4e11.jpg,"[0, 1, 0, 0]"
9078dc4c2290.jpg,"[1, 0, 0, 0]"
b1a758138570.jpg,"[1, 0, 0, 0]"
9f0a96523ba8.jpg,"[1, 0, 0, 0]"
26b402847e86.jpg,"[1, 0, 0, 0]"
28078eb88cef.jpg,"[1, 0, 0, 0]"
95bc20b618db.jpg,"[1, 0, 0, 0]"
b7ada6fe52f7.jpg,"[1, 0, 0, 0]"
13c7b0ccd677.jpg,"[1, 0, 0, 0]"
5affc9189ff9.jpg,"[1, 0, 0, 0]"
73102a2a203f.jpg,"[1, 0, 0, 0]"
fa7b559b2fdd.jpg,"[1, 0, 0, 0]"
e0fa0c606281.jpg,"[0, 0, 1, 0]"
3be695cc5747.jpg,"[0, 0, 1, 0]"
996d16e54634.jpg,"[1, 0, 0, 0]"
90ecd02bba93.jpg,"[1, 0, 0, 0]"
46e3f6a46960.jpg,"[1, 0, 0, 0]"
238820183288.jpg,"[1, 0, 0, 0]"
2b971ed84ee4.jpg,"[0, 1, 0, 0]"
1779e7a5c92e.jpg,"[0, 1, 0, 0]"
c0f7ffe27369.jpg,"[0, 1, 0, 0]"
2bdb97662784.jpg,"[0, 1, 0, 0]"
cff62dbfebb6.jpg,"[0, 1, 0, 0]"
a83b7f587804.jpg,"[1, 0, 0, 0]"
4cc2a34d7536.jpg,"[1, 0, 0, 0]"
17bdf27b8f17.jpg,"[1, 0, 0, 0]"
d6cd149da53d.jpg,"[1, 0, 0, 0]"
0e348ecfda39.jpg,"[0, 1, 0, 0]"
16b1ad45670e.jpg,"[0, 1, 0, 0]"
526af76092af.jpg,"[0, 1, 0, 0]"
2f516b5761eb.jpg,"[0, 1, 0, 0]"
af7609d2096e.jpg,"[1, 0, 0, 0]"
73368f4d840d.jpg,"[1, 0, 0, 0]"
6387a3a606a9.jpg,"[1, 0, 0, 0]"
9ff166872a85.jpg,"[1, 0, 0, 0]"
182ea22bc645.jpg,"[1, 0, 0, 0]"
84a514bf089f.jpg,"[1, 0, 0, 0]"
6382d7128568.jpg,"[1, 0, 0, 0]"
ad9968e0bcdf.jpg,"[1, 0, 0, 0]"
714688be2c97.jpg,"[1, 0, 0, 0]"
3f2b2851b590.jpg,"[1, 0, 0, 0]"
76cdc6a3e9a9.jpg,"[1, 0, 0, 0]"
7271d2d09eb4.jpg,"[0, 0, 1, 0]"
40602e27e7ac.jpg,"[0, 0, 1, 0]"
aca07e93b0ee.jpg,"[0, 0, 1, 0]"
6ef741ba4c43.jpg,"[0, 1, 0, 0]"
fd929d26ac87.jpg,"[0, 1, 0, 0]"
3c5e536a8c51.jpg,"[0, 1, 0, 0]"
4aadaac84ff7.jpg,"[0, 1, 0, 0]"
03a747b6e5ed.jpg,"[1, 0, 0, 0]"
7148a621c41c.jpg,"[1, 0, 0, 0]"
a3b215b7c43c.jpg,"[1, 0, 0, 0]"
fb6ba4676f1a.jpg,"[1, 0, 0, 0]"
a92c5f1c6abd.jpg,"[1, 0, 0, 0]"
e9d34d2adc3d.jpg,"[1, 0, 0, 0]"
25771deec270.jpg,"[0, 1, 0, 0]"
34818c627aea.jpg,"[1, 0, 0, 0]"
a1e566c52ed5.jpg,"[1, 0, 0, 0]"
0956db52aab3.jpg,"[1, 0, 0, 0]"
5c4afcfaee2d.jpg,"[1, 0, 0, 0]"
50143359b1a4.jpg,"[1, 0, 0, 0]"
c202e143612e.jpg,"[1, 0, 0, 0]"
a0c0ae72a609.jpg,"[0, 1, 0, 0]"
8e9684b3d353.jpg,"[0, 1, 0, 0]"
60e52b45f114.jpg,"[0, 1, 0, 0]"
470a9b31b409.jpg,"[0, 1, 0, 0]"
85356f4b94ee.jpg,"[0, 1, 0, 0]"
2d2c474ca859.jpg,"[1, 0, 0, 0]"
820e9edb6c00.jpg,"[1, 0, 0, 0]"
9bfff53c1224.jpg,"[1, 0, 0, 0]"
5e0c70ba584e.jpg,"[1, 0, 0, 0]"
90d35eeb60d0.jpg,"[1, 0, 0, 0]"
131872fee6b4.jpg,"[1, 0, 0, 0]"
f2d0e5a9c25c.jpg,"[1, 0, 0, 0]"
1eae1fb4b909.jpg,"[1, 0, 0, 0]"
ca938c7e76ae.jpg,"[0, 0, 1, 0]"
55f76b478bea.jpg,"[0, 0, 1, 0]"
e29bdbe8327a.jpg,"[0, 0, 1, 0]"
86f970bedd3e.jpg,"[1, 0, 0, 0]"
b6c53f59fd0d.jpg,"[1, 0, 0, 0]"
a59e04e671b9.jpg,"[1, 0, 0, 0]"
d1bd980458a5.jpg,"[0, 0, 1, 0]"
bd25d75c9ee7.jpg,"[0, 0, 1, 0]"
bfc3bb24c630.jpg,"[0, 0, 1, 0]"
cfbedcae3856.jpg,"[0, 1, 0, 0]"
4cf394ba60bf.jpg,"[1, 0, 0, 0]"
accb89b1a2ee.jpg,"[0, 0, 1, 0]"
15a60deee7fa.jpg,"[0, 0, 1, 0]"
0e2e5d8e929e.jpg,"[1, 0, 0, 0]"
4a93981d2a05.jpg,"[1, 0, 0, 0]"
e57758a86a54.jpg,"[0, 0, 1, 0]"
26243ea9dc8b.jpg,"[0, 0, 1, 0]"
3f7a2b266af3.jpg,"[0, 0, 1, 0]"
c6c21c9bed7e.jpg,"[1, 0, 0, 0]"
da009808d32e.jpg,"[1, 0, 0, 0]"
ac55c03fe7c3.jpg,"[0, 1, 0, 0]"
65ece1e85ee9.jpg,"[0, 1, 0, 0]"
d0407c895fd9.jpg,"[1, 0, 0, 0]"
9e6236ca6610.jpg,"[0, 1, 0, 0]"
83305e089bb7.jpg,"[1, 0, 0, 0]"
b5c63aa8fdab.jpg,"[1, 0, 0, 0]"
a4b191990eb6.jpg,"[1, 0, 0, 0]"
2a0b17b64af1.jpg,"[1, 0, 0, 0]"
9ee7c954b2ab.jpg,"[1, 0, 0, 0]"
2aef9cba8dd1.jpg,"[0, 0, 1, 0]"
07457b04a713.jpg,"[0, 0, 1, 0]"
b7488fcc35b3.jpg,"[1, 0, 0, 0]"
bb3930b281cd.jpg,"[0, 1, 0, 0]"
e6a413438f99.jpg,"[1, 0, 0, 0]"
78fe6a0c037e.jpg,"[0, 0, 1, 0]"
c087b109c327.jpg,"[0, 0, 1, 0]"
b3e95df1c264.jpg,"[1, 0, 0, 0]"
da51a542587d.jpg,"[0, 1, 0, 0]"
9407cf5a3bd9.jpg,"[0, 0, 1, 0]"
0007e7645554.jpg,"[0, 1, 0, 0]"
445b54024193.jpg,"[0, 1, 0, 0]"
0aba62788b4d.jpg,"[0, 1, 0, 0]"
6ca6849c44c7.jpg,"[0, 1, 0, 0]"
ea8ca3f14a1a.jpg,"[0, 0, 1, 0]"
efe81b9804e9.jpg,"[1, 0, 0, 0]"
c58721ce5bff.jpg,"[0, 1, 0, 0]"
907f5e9c9e62.jpg,"[0, 1, 0, 0]"
66b95a696f5d.jpg,"[1, 0, 0, 0]"
8da9d4c028c6.jpg,"[0, 1, 0, 0]"
b2b4d0b345fb.jpg,"[0, 1, 0, 0]"
fe890b5a83b3.jpg,"[1, 0, 0, 0]"
437d3e9e3562.jpg,"[1, 0, 0, 0]"
18c0b8145b28.jpg,"[1, 0, 0, 0]"
ff8fc5cd3e17.jpg,"[1, 0, 0, 0]"
32f8ffc76611.jpg,"[1, 0, 0, 0]"
be7525219f64.jpg,"[0, 0, 1, 0]"
afd471fd78c4.jpg,"[0, 0, 1, 0]"
eff50846d15b.jpg,"[0, 1, 0, 0]"
2c95eb52a8de.jpg,"[0, 0, 1, 0]"
b8eb9f301720.jpg,"[0, 0, 1, 0]"
66e336ffce93.jpg,"[0, 0, 1, 0]"
5ae75b970a67.jpg,"[0, 1, 0, 0]"
d0f3d0beac21.jpg,"[0, 1, 0, 0]"
67b2f7213fd2.jpg,"[0, 1, 0, 0]"
5910e65115a6.jpg,"[1, 0, 0, 0]"
19f8c326f344.jpg,"[1, 0, 0, 0]"
c224561c5d8e.jpg,"[0, 1, 0, 0]"
11cada8e6729.jpg,"[0, 1, 0, 0]"
ad7155f977c9.jpg,"[0, 1, 0, 0]"
f9dcdc3069cf.jpg,"[0, 1, 0, 0]"
211c89112103.jpg,"[0, 1, 0, 0]"
1fc326d04726.jpg,"[0, 1, 0, 0]"
cc27494a3283.jpg,"[0, 1, 0, 0]"
aed4bb7d08b2.jpg,"[0, 1, 0, 0]"
8bc8ae1f02d4.jpg,"[0, 1, 0, 0]"
cf79c82b74f6.jpg,"[0, 0, 1, 0]"
3747599c9777.jpg,"[0, 0, 1, 0]"
c0c89c25854f.jpg,"[0, 0, 1, 0]"
14cfb9ef3117.jpg,"[0, 0, 1, 0]"
378e00035231.jpg,"[0, 1, 0, 0]"
993cb5bd769c.jpg,"[0, 1, 0, 0]"
bbc76cd4b9bc.jpg,"[0, 1, 0, 0]"
14e155c0fa5b.jpg,"[1, 0, 0, 0]"
4571387e8517.jpg,"[0, 1, 0, 0]"
3ef56fec06d1.jpg,"[0, 1, 0, 0]"
b17d301b7ea4.jpg,"[1, 0, 0, 0]"
c243071ad055.jpg,"[1, 0, 0, 0]"
87e74f29e097.jpg,"[1, 0, 0, 0]"
cd9e5535dbbd.jpg,"[1, 0, 0, 0]"
ef8933d65998.jpg,"[0, 1, 0, 0]"
8b02ae653bd7.jpg,"[0, 1, 0, 0]"
0893bea6ff97.jpg,"[0, 1, 0, 0]"
d8b0b0e00b33.jpg,"[0, 1, 0, 0]"
6c304888bc24.jpg,"[0, 1, 0, 0]"
0a14ccb28ff7.jpg,"[0, 1, 0, 0]"
d5d1b55232d5.jpg,"[1, 0, 0, 0]"
e0e3253ed7f0.jpg,"[1, 0, 0, 0]"
d54b60e4be90.jpg,"[0, 0, 1, 0]"
db915d61beaf.jpg,"[1, 0, 0, 0]"
233d12e18a24.jpg,"[1, 0, 0, 0]"
c5818debe0b1.jpg,"[0, 0, 1, 0]"
6da798fd1f9f.jpg,"[0, 1, 0, 0]"
8dec65b5dbf9.jpg,"[0, 0, 1, 0]"
1bb7a53e1bae.jpg,"[1, 0, 0, 0]"
965a3376f967.jpg,"[1, 0, 0, 0]"
58d47b61cf02.jpg,"[0, 1, 0, 0]"
9af69c41a901.jpg,"[1, 0, 0, 0]"
20136a31e3ce.jpg,"[1, 0, 0, 0]"
585708d1ead4.jpg,"[1, 0, 0, 0]"
525afb65e5b9.jpg,"[0, 0, 1, 0]"
b80c3b58996a.jpg,"[0, 1, 0, 0]"
e011c1ecaab7.jpg,"[0, 1, 0, 0]"
0c2b48d49084.jpg,"[0, 1, 0, 0]"
7c7a7bd3069e.jpg,"[1, 0, 0, 0]"
37a32ea405b5.jpg,"[0, 1, 0, 0]"
cd25730e3901.jpg,"[0, 1, 0, 0]"
37c8e0b98b8a.jpg,"[0, 1, 0, 0]"
942e3ac394fd.jpg,"[1, 0, 0, 0]"
66d8e241e82a.jpg,"[1, 0, 0, 0]"
e1b0f7e9b324.jpg,"[0, 1, 0, 0]"
23ccde8ec92c.jpg,"[1, 0, 0, 0]"
413dc3328ca2.jpg,"[0, 0, 1, 0]"
3458988793c7.jpg,"[0, 0, 1, 0]"
2d8f4e99fff0.jpg,"[0, 1, 0, 0]"
98e5ed40db85.jpg,"[0, 0, 1, 0]"
c425934a1d53.jpg,"[0, 1, 0, 0]"
b81468f72652.jpg,"[0, 1, 0, 0]"
9dad364b84a7.jpg,"[0, 0, 1, 0]"
10977e29482c.jpg,"[0, 1, 0, 0]"
17b98b762c8b.jpg,"[0, 1, 0, 0]"
68bd00e63fb4.jpg,"[1, 0, 0, 0]"
3ee9cb21200e.jpg,"[1, 0, 0, 0]"
4b6e0155769b.jpg,"[0, 0, 1, 0]"
345f8cb9472d.jpg,"[0, 0, 1, 0]"
67b3ce2e0c70.jpg,"[0, 0, 1, 0]"
c76daef8fc52.jpg,"[0, 0, 1, 0]"
bd40107b8615.jpg,"[0, 0, 1, 0]"
76e56e0c8ea5.jpg,"[0, 1, 0, 0]"
7b80a69f62c5.jpg,"[0, 1, 0, 0]"
155452d743da.jpg,"[1, 0, 0, 0]"
96fe4f0ed4ca.jpg,"[0, 1, 0, 0]"
b7bbb5701aac.jpg,"[1, 0, 0, 0]"
4dea1b92785b.jpg,"[0, 1, 0, 0]"
0af94f9a26bb.jpg,"[0, 1, 0, 0]"
6f2f8c8618de.jpg,"[0, 1, 0, 0]"
21500d989f8d.jpg,"[0, 1, 0, 0]"
f7e22b827fdd.jpg,"[0, 1, 0, 0]"
286979306f8e.jpg,"[0, 1, 0, 0]"
604532ea019e.jpg,"[0, 1, 0, 0]"
fe829d4ad9b1.jpg,"[0, 1, 0, 0]"
a3b7136c6286.jpg,"[0, 0, 1, 0]"
87d08361bcbc.jpg,"[1, 0, 0, 0]"
c7e8d0ef834a.jpg,"[1, 0, 0, 0]"
3d0c59736ce8.jpg,"[1, 0, 0, 0]"
9a41fcfc903a.jpg,"[1, 0, 0, 0]"
876a9f7a02b7.jpg,"[1, 0, 0, 0]"
47c161da7120.jpg,"[1, 0, 0, 0]"
ebdfde478676.jpg,"[1, 0, 0, 0]"
58cf9f1e220a.jpg,"[1, 0, 0, 0]"
98ad31b27d76.jpg,"[1, 0, 0, 0]"
315b68e6bf89.jpg,"[1, 0, 0, 0]"
300707069a9b.jpg,"[0, 0, 1, 0]"
354992ef17af.jpg,"[0, 0, 1, 0]"
20c896c9a847.jpg,"[1, 0, 0, 0]"
c31bc92a321f.jpg,"[1, 0, 0, 0]"
048085ff1022.jpg,"[0, 1, 0, 0]"
3f47d780a494.jpg,"[0, 1, 0, 0]"
0f1834ed1282.jpg,"[1, 0, 0, 0]"
9c253d127b5a.jpg,"[1, 0, 0, 0]"
b437fae16227.jpg,"[1, 0, 0, 0]"
9db4816f94aa.jpg,"[1, 0, 0, 0]"
0f32e525f58c.jpg,"[0, 1, 0, 0]"
198f2294cef1.jpg,"[1, 0, 0, 0]"
5fc04fbab3cb.jpg,"[1, 0, 0, 0]"
eecadb29a71f.jpg,"[1, 0, 0, 0]"
10dc86517d5a.jpg,"[0, 0, 1, 0]"
3b0a536ef85a.jpg,"[0, 0, 1, 0]"
ebf3bb185afd.jpg,"[0, 0, 1, 0]"
da2d475f82f3.jpg,"[1, 0, 0, 0]"
a978a562cd7d.jpg,"[0, 0, 1, 0]"
16bdc982154b.jpg,"[0, 0, 1, 0]"
fe85c499a133.jpg,"[0, 0, 1, 0]"
f691a3fb4477.jpg,"[1, 0, 0, 0]"
35be7c053e8a.jpg,"[1, 0, 0, 0]"
fdb4f831cbd5.jpg,"[1, 0, 0, 0]"
2647bd8cfc5a.jpg,"[1, 0, 0, 0]"
03b30fbc09f7.jpg,"[1, 0, 0, 0]"
6e9483d3205a.jpg,"[1, 0, 0, 0]"
b8e2d03a7adb.jpg,"[0, 0, 1, 0]"
2512c90258f9.jpg,"[0, 0, 1, 0]"
36c3f1bec986.jpg,"[0, 1, 0, 0]"
e54d945590a8.jpg,"[0, 0, 1, 0]"
80443515dc80.jpg,"[0, 0, 1, 0]"
9561c18873ea.jpg,"[1, 0, 0, 0]"
c190af7a5f24.jpg,"[1, 0, 0, 0]"
f8f66baee9b9.jpg,"[0, 0, 1, 0]"
9da26df98b7f.jpg,"[0, 1, 0, 0]"
eec05ff34aea.jpg,"[1, 0, 0, 0]"
4febdfb0cf18.jpg,"[1, 0, 0, 0]"
c563acba62f0.jpg,"[0, 1, 0, 0]"
ca2519ce0e22.jpg,"[0, 1, 0, 0]"
e19a0d07bf40.jpg,"[0, 0, 1, 0]"
c7f7985433a8.jpg,"[0, 0, 1, 0]"
44e9c6ccf5c9.jpg,"[0, 0, 1, 0]"
5679dab0fb98.jpg,"[1, 0, 0, 0]"
30c12f1232bb.jpg,"[0, 0, 1, 0]"
8f30f3059804.jpg,"[0, 0, 1, 0]"
5be742550018.jpg,"[0, 0, 1, 0]"
c2211e49e357.jpg,"[0, 0, 1, 0]"
19b890d79940.jpg,"[0, 0, 1, 0]"
02aa097548d4.jpg,"[1, 0, 0, 0]"
c8207caf1c41.jpg,"[0, 0, 1, 0]"
8b19da03394c.jpg,"[1, 0, 0, 0]"
e31170aa79c7.jpg,"[0, 0, 1, 0]"
f4e13d93d78e.jpg,"[0, 0, 1, 0]"
67eb635aea8a.jpg,"[1, 0, 0, 0]"
b15817d85886.jpg,"[1, 0, 0, 0]"
d13d89faba4d.jpg,"[0, 1, 0, 0]"
161ffe45599c.jpg,"[0, 1, 0, 0]"
49ba74a2877e.jpg,"[0, 0, 1, 0]"
3bcc9e6f224c.jpg,"[0, 0, 1, 0]"
43db9dc1ac74.jpg,"[1, 0, 0, 0]"
3d8459de9c3e.jpg,"[1, 0, 0, 0]"
03745991383f.jpg,"[0, 1, 0, 0]"
a7840ed317e4.jpg,"[1, 0, 0, 0]"
8b9ae88a21ec.jpg,"[1, 0, 0, 0]"
d5eae72eda87.jpg,"[1, 0, 0, 0]"
2935d98d9a5e.jpg,"[1, 0, 0, 0]"
dc4c47f42963.jpg,"[1, 0, 0, 0]"
b771e29947ca.jpg,"[1, 0, 0, 0]"
2745e41805f2.jpg,"[1, 0, 0, 0]"
92384a453d5c.jpg,"[1, 0, 0, 0]"
27e4cc25b194.jpg,"[1, 0, 0, 0]"
6bdf820a1f86.jpg,"[0, 1, 0, 0]"
2b614254ec00.jpg,"[1, 0, 0, 0]"
11dffd0b7523.jpg,"[1, 0, 0, 0]"
b35f22a2695a.jpg,"[1, 0, 0, 0]"
5f36a4135549.jpg,"[0, 1, 0, 0]"
2b85707de916.jpg,"[0, 1, 0, 0]"
19c4e93d7ee9.jpg,"[0, 0, 1, 0]"
5ce57ef7ca74.jpg,"[0, 0, 1, 0]"
77c028abd64e.jpg,"[1, 0, 0, 0]"
b115f382ad21.jpg,"[0, 1, 0, 0]"
b15ae9808b6b.jpg,"[0, 0, 1, 0]"
01ce0e53fb68.jpg,"[0, 0, 1, 0]"
e3a7f599b202.jpg,"[0, 0, 1, 0]"
344b55f509f8.jpg,"[0, 1, 0, 0]"
5d3828526783.jpg,"[0, 1, 0, 0]"
a12df6aed2b8.jpg,"[1, 0, 0, 0]"
6dcfaf23219f.jpg,"[0, 1, 0, 0]"
e107c045bca0.jpg,"[0, 1, 0, 0]"
dedb06292e4b.jpg,"[0, 1, 0, 0]"
56905df55fa7.jpg,"[0, 0, 1, 0]"
7a350efed8a1.jpg,"[0, 1, 0, 0]"
78c86e8f6819.jpg,"[0, 1, 0, 0]"
9e1359191d79.jpg,"[0, 0, 1, 0]"
6f7c8ea869a8.jpg,"[1, 0, 0, 0]"
7b1981a7a5bb.jpg,"[0, 0, 1, 0]"
0f44ca2fc36c.jpg,"[1, 0, 0, 0]"
c126974ecb7c.jpg,"[1, 0, 0, 0]"
127cfb4d3025.jpg,"[1, 0, 0, 0]"
19cfbbf7ba03.jpg,"[0, 0, 1, 0]"
046273561ffd.jpg,"[0, 0, 1, 0]"
608c51df0563.jpg,"[0, 0, 1, 0]"
9e03c3617765.jpg,"[0, 1, 0, 0]"
91524a3dd5f7.jpg,"[1, 0, 0, 0]"
275778837ecd.jpg,"[0, 1, 0, 0]"
fd8ba24a176e.jpg,"[0, 0, 1, 0]"
521b80bd80f5.jpg,"[0, 1, 0, 0]"
949d52d06f14.jpg,"[1, 0, 0, 0]"
9ead82870a93.jpg,"[1, 0, 0, 0]"
8e8ddfc1c118.jpg,"[0, 0, 1, 0]"
29deeabe7ad7.jpg,"[1, 0, 0, 0]"
adc59893d6af.jpg,"[0, 0, 1, 0]"
5163f8fb85f3.jpg,"[1, 0, 0, 0]"
d5b36d57193b.jpg,"[1, 0, 0, 0]"
4da109c7ce41.jpg,"[0, 0, 1, 0]"
a789bacc6063.jpg,"[0, 0, 1, 0]"
621331fb123d.jpg,"[0, 1, 0, 0]"
7dca7eba5db9.jpg,"[0, 1, 0, 0]"
58ffa72c702e.jpg,"[0, 1, 0, 0]"
d4351c4b1654.jpg,"[0, 1, 0, 0]"
d23e84e2e2e9.jpg,"[0, 1, 0, 0]"
f48e2c397ec5.jpg,"[0, 0, 1, 0]"
e19cc1e8c4b2.jpg,"[0, 0, 1, 0]"
e44c983db199.jpg,"[0, 0, 1, 0]"
c211a560c8ff.jpg,"[0, 0, 1, 0]"
a96bbc077d5f.jpg,"[1, 0, 0, 0]"
6688a20812ce.jpg,"[1, 0, 0, 0]"
ec5c720380b2.jpg,"[0, 0, 1, 0]"
63d2e53428f3.jpg,"[0, 0, 1, 0]"
ca58a6ad72fe.jpg,"[0, 1, 0, 0]"
4dda7de22253.jpg,"[0, 0, 1, 0]"
fad3d1276047.jpg,"[0, 0, 1, 0]"
56a0f7bd1cfa.jpg,"[1, 0, 0, 0]"
2c5c8ec34d4f.jpg,"[0, 0, 1, 0]"
eff7962e8028.jpg,"[0, 0, 1, 0]"
7e3dcc9f4cf9.jpg,"[0, 1, 0, 0]"
372e89f558f4.jpg,"[0, 1, 0, 0]"
70adecabfc37.jpg,"[0, 1, 0, 0]"
055b21ff01f1.jpg,"[1, 0, 0, 0]"
11fc2b13f48e.jpg,"[1, 0, 0, 0]"
a31ca7a52e79.jpg,"[1, 0, 0, 0]"
18147369d4d2.jpg,"[1, 0, 0, 0]"
7af9c84f94ac.jpg,"[1, 0, 0, 0]"
e6620687bc7e.jpg,"[0, 0, 1, 0]"
5f2081e62f55.jpg,"[0, 0, 1, 0]"
b2bc4e6dc5cf.jpg,"[0, 0, 1, 0]"
c9433e31d591.jpg,"[0, 0, 1, 0]"
06f003e92e55.jpg,"[1, 0, 0, 0]"
049a87aeba20.jpg,"[0, 0, 1, 0]"
77e4ce675232.jpg,"[0, 0, 1, 0]"
7635b78097b6.jpg,"[0, 0, 1, 0]"
e405df8738cc.jpg,"[0, 0, 1, 0]"
543d9c282017.jpg,"[0, 0, 1, 0]"
fc7a12b08625.jpg,"[0, 0, 1, 0]"
260ff28300fe.jpg,"[1, 0, 0, 0]"
5e0d0feec918.jpg,"[0, 1, 0, 0]"
49cf68ed3555.jpg,"[0, 0, 1, 0]"
7a0c167b59a2.jpg,"[0, 0, 1, 0]"
3aff0d491299.jpg,"[0, 0, 1, 0]"
5334f9e0ffbe.jpg,"[1, 0, 0, 0]"
8e0fa10fab91.jpg,"[1, 0, 0, 0]"
bfc041c9f3b4.jpg,"[1, 0, 0, 0]"
42b24725f648.jpg,"[1, 0, 0, 0]"
e11cac4c31bb.jpg,"[1, 0, 0, 0]"
858210bf851a.jpg,"[1, 0, 0, 0]"
5f6495b64b10.jpg,"[1, 0, 0, 0]"
f1a28e04a576.jpg,"[0, 1, 0, 0]"
dd4f916b80cb.jpg,"[0, 1, 0, 0]"
750eb87fd09c.jpg,"[0, 1, 0, 0]"
ca2da961f82e.jpg,"[0, 1, 0, 0]"
b9f2b6076602.jpg,"[0, 1, 0, 0]"
1dc623b9e2a9.jpg,"[1, 0, 0, 0]"
53009f6c8c61.jpg,"[1, 0, 0, 0]"
66feccfed537.jpg,"[1, 0, 0, 0]"
b085c74bc76a.jpg,"[1, 0, 0, 0]"
8a704e88e759.jpg,"[0, 0, 1, 0]"
e5aa42c6f985.jpg,"[0, 0, 1, 0]"
e0b91b24c9cc.jpg,"[0, 0, 1, 0]"
04845f06f76e.jpg,"[0, 0, 1, 0]"
24483b149e31.jpg,"[0, 0, 1, 0]"
1e53423047e5.jpg,"[1, 0, 0, 0]"
8a16de281d52.jpg,"[0, 1, 0, 0]"
920db637a199.jpg,"[0, 0, 1, 0]"
5c5f15a6f369.jpg,"[0, 0, 1, 0]"
0048f8f5f9c4.jpg,"[1, 0, 0, 0]"
0876373259be.jpg,"[0, 1, 0, 0]"
41243d108766.jpg,"[1, 0, 0, 0]"
0fa2112765ca.jpg,"[0, 1, 0, 0]"
9a60d22f3ff4.jpg,"[1, 0, 0, 0]"
af32e34de4d1.jpg,"[0, 1, 0, 0]"
8146e0ed01be.jpg,"[0, 0, 1, 0]"
1c8a71b21466.jpg,"[0, 0, 1, 0]"
c1f4fe4238d4.jpg,"[0, 0, 1, 0]"
e6fb1d8ab2c7.jpg,"[1, 0, 0, 0]"
1d3dc3d3e055.jpg,"[1, 0, 0, 0]"
5ff117fe5c99.jpg,"[1, 0, 0, 0]"
c88301550790.jpg,"[1, 0, 0, 0]"
822651e0ff32.jpg,"[0, 0, 1, 0]"
4f54cd5c6bc2.jpg,"[0, 0, 1, 0]"
8df6783b82f7.jpg,"[1, 0, 0, 0]"
c2e9d3895487.jpg,"[0, 1, 0, 0]"
eda17a60c790.jpg,"[0, 0, 1, 0]"
ff2030d64169.jpg,"[0, 0, 1, 0]"
71c39a72905c.jpg,"[0, 0, 1, 0]"
7ca154285392.jpg,"[0, 0, 1, 0]"
135b23e5e733.jpg,"[0, 0, 1, 0]"
aea59ba710ee.jpg,"[1, 0, 0, 0]"
ed83621fecfd.jpg,"[0, 0, 1, 0]"
57f8702c747e.jpg,"[1, 0, 0, 0]"
bed4fc914590.jpg,"[1, 0, 0, 0]"
13cacf5a66c4.jpg,"[0, 1, 0, 0]"
107a1341c6d5.jpg,"[0, 0, 1, 0]"
5472f2e7d6ab.jpg,"[0, 1, 0, 0]"
8805de8cfb6a.jpg,"[0, 1, 0, 0]"
c17719d8cbf0.jpg,"[0, 0, 1, 0]"
b3353b338081.jpg,"[0, 0, 1, 0]"
77224ba4af09.jpg,"[0, 0, 1, 0]"
6c158e398751.jpg,"[1, 0, 0, 0]"
08fdfdb8bcc3.jpg,"[1, 0, 0, 0]"
a643c51f0c05.jpg,"[1, 0, 0, 0]"
e671ec68445f.jpg,"[1, 0, 0, 0]"
3f20dfa1066c.jpg,"[1, 0, 0, 0]"
1b52685c9946.jpg,"[0, 1, 0, 0]"
3d15577d0733.jpg,"[0, 0, 1, 0]"
55a671b48a32.jpg,"[0, 1, 0, 0]"
82c9d654c049.jpg,"[1, 0, 0, 0]"
337367bf2977.jpg,"[0, 0, 1, 0]"
3ce4fa19ca99.jpg,"[1, 0, 0, 0]"
23a793f64763.jpg,"[1, 0, 0, 0]"
f7e8c0e59370.jpg,"[0, 1, 0, 0]"
8f211fca3100.jpg,"[0, 0, 1, 0]"
dfa146e30772.jpg,"[1, 0, 0, 0]"
ad6c39907dc4.jpg,"[1, 0, 0, 0]"
11809767f2ca.jpg,"[1, 0, 0, 0]"
f685089b6f71.jpg,"[1, 0, 0, 0]"
c5f4a3738504.jpg,"[0, 0, 1, 0]"
17202a302427.jpg,"[0, 0, 1, 0]"
a9f5cac89d45.jpg,"[0, 0, 1, 0]"
59b1b46bad0d.jpg,"[1, 0, 0, 0]"
56bbbf65dc24.jpg,"[1, 0, 0, 0]"
cc8c54ba4f94.jpg,"[0, 1, 0, 0]"
acab460c7ef8.jpg,"[0, 1, 0, 0]"
8e6506f51ea3.jpg,"[0, 0, 1, 0]"
3b3a8fb27ebd.jpg,"[0, 0, 1, 0]"
8cc98096683e.jpg,"[0, 0, 1, 0]"
3093c9ce56bd.jpg,"[0, 0, 1, 0]"
ac4278898bca.jpg,"[0, 1, 0, 0]"
6ad036ccf1ed.jpg,"[0, 1, 0, 0]"
1c787b16b72a.jpg,"[0, 0, 1, 0]"
21679c012bbf.jpg,"[0, 0, 1, 0]"
8ff360fafbaa.jpg,"[0, 0, 1, 0]"
c0aa4d27cfc7.jpg,"[1, 0, 0, 0]"
fce2c33a5261.jpg,"[0, 0, 1, 0]"
7ddf3766219d.jpg,"[0, 0, 1, 0]"
34dd2a4faf2b.jpg,"[0, 0, 1, 0]"
3164c463fcdc.jpg,"[0, 0, 1, 0]"
6609ebdebef0.jpg,"[0, 0, 1, 0]"
5c79ad99f036.jpg,"[1, 0, 0, 0]"
635012d46daf.jpg,"[1, 0, 0, 0]"
bcba8aef3ffe.jpg,"[0, 1, 0, 0]"
1b8e5cd9e021.jpg,"[1, 0, 0, 0]"
72a8d7f6e2e6.jpg,"[1, 0, 0, 0]"
cd5d1755b7c2.jpg,"[1, 0, 0, 0]"
2014b381b787.jpg,"[0, 1, 0, 0]"
dfaf068cee1a.jpg,"[0, 1, 0, 0]"
288a64f9c1a5.jpg,"[0, 0, 1, 0]"
9e832a42ff4e.jpg,"[1, 0, 0, 0]"
a379818aaab1.jpg,"[1, 0, 0, 0]"
2d5aaa1e48fb.jpg,"[1, 0, 0, 0]"
beaa87555109.jpg,"[1, 0, 0, 0]"
e6ea9cbdf749.jpg,"[1, 0, 0, 0]"
0ede365f87e4.jpg,"[1, 0, 0, 0]"
d60cceb3c1f9.jpg,"[1, 0, 0, 0]"
5e1fc27178ce.jpg,"[0, 1, 0, 0]"
0b0c9f0cb813.jpg,"[1, 0, 0, 0]"
c639a3432392.jpg,"[1, 0, 0, 0]"
fa6427f0e878.jpg,"[1, 0, 0, 0]"
e12228115433.jpg,"[0, 1, 0, 0]"
9bb74d3b8eb8.jpg,"[0, 1, 0, 0]"
684137691cdc.jpg,"[0, 0, 1, 0]"
f4b613a4aace.jpg,"[0, 0, 1, 0]"
52a9ce6a2d09.jpg,"[0, 0, 1, 0]"
5614ec0c9391.jpg,"[0, 0, 1, 0]"
d852b4f0c2c8.jpg,"[0, 0, 1, 0]"
a8c1a560745c.jpg,"[0, 0, 1, 0]"
53abb07f6032.jpg,"[1, 0, 0, 0]"
d644804a3978.jpg,"[1, 0, 0, 0]"
23e6a55aee94.jpg,"[1, 0, 0, 0]"
9e5318cd322a.jpg,"[1, 0, 0, 0]"
b80d0797b950.jpg,"[0, 1, 0, 0]"
582be23e96ae.jpg,"[0, 1, 0, 0]"
26760c02bf7b.jpg,"[0, 1, 0, 0]"
b365a8084c89.jpg,"[1, 0, 0, 0]"
fa75e5a5cd27.jpg,"[1, 0, 0, 0]"
2649adc4fbd7.jpg,"[0, 0, 1, 0]"
403ad8194afa.jpg,"[0, 0, 1, 0]"
7092e4e8bcc5.jpg,"[0, 0, 1, 0]"
0bc497ee037c.jpg,"[0, 1, 0, 0]"
0054be0a30b1.jpg,"[0, 1, 0, 0]"
c419796d39a8.jpg,"[0, 1, 0, 0]"
f1bc763e947c.jpg,"[1, 0, 0, 0]"
144b61ce0833.jpg,"[1, 0, 0, 0]"
f13711de9d4e.jpg,"[1, 0, 0, 0]"
04d47e656e93.jpg,"[1, 0, 0, 0]"
fff19301717d.jpg,"[0, 0, 1, 0]"
02e2d87cbc56.jpg,"[0, 0, 1, 0]"
e8f1075cd1e3.jpg,"[0, 0, 1, 0]"
088d39c0d7c0.jpg,"[0, 0, 1, 0]"
0ba42a306e0a.jpg,"[0, 0, 1, 0]"
3ebf8794ed00.jpg,"[0, 0, 1, 0]"
b03f8228c3c8.jpg,"[0, 0, 1, 0]"
eab28a6feb3c.jpg,"[0, 1, 0, 0]"
78bac43f1a83.jpg,"[0, 0, 1, 0]"
dfed6bb6fe89.jpg,"[0, 0, 1, 0]"
c4f134539896.jpg,"[0, 0, 1, 0]"
6dfac17209cd.jpg,"[0, 0, 1, 0]"
2c2c0070be5d.jpg,"[1, 0, 0, 0]"
8f9d9595a259.jpg,"[0, 1, 0, 0]"
fd350ed60c10.jpg,"[0, 1, 0, 0]"
4a02fec320c7.jpg,"[0, 0, 1, 0]"
fa4aa63a753f.jpg,"[0, 1, 0, 0]"
67f4dcf19a6b.jpg,"[0, 1, 0, 0]"
9493aaacc797.jpg,"[1, 0, 0, 0]"
4dddaa463031.jpg,"[0, 1, 0, 0]"
15908be16f8d.jpg,"[0, 1, 0, 0]"
e8d900e3cc07.jpg,"[0, 1, 0, 0]"
cab306ea406b.jpg,"[1, 0, 0, 0]"
8cabb9bc9be8.jpg,"[1, 0, 0, 0]"
977a1cd11efd.jpg,"[1, 0, 0, 0]"
55c05c8fafd3.jpg,"[0, 0, 1, 0]"
c38bed795484.jpg,"[0, 0, 1, 0]"
133192d7c478.jpg,"[0, 0, 1, 0]"
59823d877347.jpg,"[0, 0, 1, 0]"
07ea886656c8.jpg,"[1, 0, 0, 0]"
752c01a374d7.jpg,"[1, 0, 0, 0]"
308ba6309b27.jpg,"[1, 0, 0, 0]"
15708a1e0c95.jpg,"[0, 0, 1, 0]"
172b8a27dfb8.jpg,"[0, 0, 1, 0]"
fa5939f7d76f.jpg,"[0, 0, 1, 0]"
5987435da498.jpg,"[0, 0, 1, 0]"
2963c01784fb.jpg,"[0, 0, 1, 0]"
64146a8f8346.jpg,"[0, 0, 1, 0]"
7014f9d0d7dd.jpg,"[0, 0, 1, 0]"
71a22e13aeda.jpg,"[0, 0, 1, 0]"
7ecd61b25ba1.jpg,"[0, 0, 1, 0]"
1de8f5f2e336.jpg,"[1, 0, 0, 0]"
c5b90d946e98.jpg,"[1, 0, 0, 0]"
f70b2200d0e5.jpg,"[0, 1, 0, 0]"
dd2da03a0a38.jpg,"[0, 1, 0, 0]"
c7944f359642.jpg,"[0, 0, 1, 0]"
d54b34030cf0.jpg,"[0, 0, 1, 0]"
89db36305e31.jpg,"[0, 0, 1, 0]"
d883547ab756.jpg,"[0, 1, 0, 0]"
5039474eb318.jpg,"[0, 1, 0, 0]"
c1f41bd89aef.jpg,"[0, 1, 0, 0]"
93d6ee53e503.jpg,"[0, 1, 0, 0]"
0fb67d22066c.jpg,"[0, 1, 0, 0]"
cb8eea54b9bc.jpg,"[0, 0, 1, 0]"
51d743e6b876.jpg,"[1, 0, 0, 0]"
fddbbca1a8d5.jpg,"[1, 0, 0, 0]"
2747518c4fc2.jpg,"[0, 1, 0, 0]"
532e5c31a52f.jpg,"[0, 0, 1, 0]"
338d390b0d66.jpg,"[0, 0, 1, 0]"
dd774205b6c5.jpg,"[0, 0, 1, 0]"
d284435430e3.jpg,"[1, 0, 0, 0]"
084d047bf3cd.jpg,"[0, 0, 1, 0]"
464b74c73f4a.jpg,"[0, 0, 1, 0]"
03242162f773.jpg,"[0, 0, 1, 0]"
4cc710928737.jpg,"[0, 1, 0, 0]"
dbdc5d843581.jpg,"[0, 1, 0, 0]"
706c792ee562.jpg,"[0, 1, 0, 0]"
682ef31ab56e.jpg,"[0, 0, 1, 0]"
824c95a32809.jpg,"[0, 0, 1, 0]"
4985f9bf4540.jpg,"[0, 0, 1, 0]"
cd6469bb9dc8.jpg,"[0, 0, 1, 0]"
6e14eaba0326.jpg,"[0, 1, 0, 0]"
7aee727b663a.jpg,"[1, 0, 0, 0]"
aae27a3dde86.jpg,"[1, 0, 0, 0]"
e9e9060b9c2b.jpg,"[1, 0, 0, 0]"
9773017ba4a2.jpg,"[1, 0, 0, 0]"
2b3c03b56537.jpg,"[0, 0, 1, 0]"
1f9c6b28cc90.jpg,"[0, 0, 1, 0]"
fc40f0797f84.jpg,"[0, 1, 0, 0]"
0edaf68a6add.jpg,"[0, 1, 0, 0]"
fe1df828dc1d.jpg,"[1, 0, 0, 0]"
ae0df5e359b3.jpg,"[0, 1, 0, 0]"
58f283ea58da.jpg,"[0, 1, 0, 0]"
f512f8631928.jpg,"[0, 1, 0, 0]"
9f73a5658a0b.jpg,"[0, 1, 0, 0]"
e25147f40c10.jpg,"[0, 0, 1, 0]"
c6dc1ed706f2.jpg,"[0, 0, 1, 0]"
d7265177e2e0.jpg,"[0, 0, 1, 0]"
a707fab6ae25.jpg,"[0, 1, 0, 0]"
ee926a272c2e.jpg,"[0, 1, 0, 0]"
f20a824d00c1.jpg,"[0, 1, 0, 0]"
3c8b1862b9f7.jpg,"[1, 0, 0, 0]"
91f1c6db2041.jpg,"[1, 0, 0, 0]"
0c6176fa70b9.jpg,"[0, 0, 1, 0]"
ebf4cb178578.jpg,"[0, 0, 1, 0]"
9a9b077e718c.jpg,"[0, 0, 1, 0]"
b609a492d35b.jpg,"[0, 0, 1, 0]"
718678114403.jpg,"[0, 0, 1, 0]"
529e4bb3833c.jpg,"[0, 0, 1, 0]"
81c9023e15f6.jpg,"[0, 0, 1, 0]"
8b85ae5a440d.jpg,"[1, 0, 0, 0]"
a9a61cf202bc.jpg,"[1, 0, 0, 0]"
5c8d3448f92e.jpg,"[1, 0, 0, 0]"
8eacf6f52da5.jpg,"[0, 0, 1, 0]"
a110f6673a9b.jpg,"[1, 0, 0, 0]"
b6a98e2c43f8.jpg,"[0, 1, 0, 0]"
7ad70bfd4eca.jpg,"[0, 1, 0, 0]"
d26855c31026.jpg,"[0, 0, 1, 0]"
d496edf65a3f.jpg,"[0, 0, 1, 0]"
50d7e4803eb2.jpg,"[0, 1, 0, 0]"
c9a9024c39ff.jpg,"[1, 0, 0, 0]"
ba9aee948b46.jpg,"[1, 0, 0, 0]"
dc6f04bc1b23.jpg,"[1, 0, 0, 0]"
00a1cd744652.jpg,"[0, 1, 0, 0]"
b600d832eaa9.jpg,"[1, 0, 0, 0]"
0fc664626c1b.jpg,"[1, 0, 0, 0]"
50af8887791e.jpg,"[0, 0, 1, 0]"
d95cf9367152.jpg,"[0, 0, 1, 0]"
9a2bb8e7e648.jpg,"[0, 1, 0, 0]"
746e8ffc0900.jpg,"[0, 1, 0, 0]"
6ce5dd3bbba5.jpg,"[0, 1, 0, 0]"
988733149dcf.jpg,"[0, 1, 0, 0]"
5c59d9ce43d7.jpg,"[1, 0, 0, 0]"
cce21e461f9c.jpg,"[0, 1, 0, 0]"
1308c9285442.jpg,"[0, 0, 1, 0]"
efc5f434c968.jpg,"[0, 0, 1, 0]"
2ab3425d99f1.jpg,"[0, 0, 1, 0]"
6624e0d24750.jpg,"[0, 0, 1, 0]"
6d957bb2f6df.jpg,"[1, 0, 0, 0]"
2f0992fc0ec9.jpg,"[1, 0, 0, 0]"
a2d1b218cb64.jpg,"[1, 0, 0, 0]"
ec0a8350faa5.jpg,"[1, 0, 0, 0]"
9ae3c876b3fc.jpg,"[1, 0, 0, 0]"
8d81df29a733.jpg,"[1, 0, 0, 0]"
8c6ce45ba74d.jpg,"[1, 0, 0, 0]"
176364347d31.jpg,"[0, 1, 0, 0]"
310b0a9c3bd2.jpg,"[1, 0, 0, 0]"
b66489a138a3.jpg,"[1, 0, 0, 0]"
e7d48d1a13d1.jpg,"[1, 0, 0, 0]"
a3303fdbdd2c.jpg,"[1, 0, 0, 0]"
df9e031d9990.jpg,"[0, 1, 0, 0]"
9ad8bafb060e.jpg,"[0, 1, 0, 0]"
ae225d52311f.jpg,"[0, 1, 0, 0]"
60cd0eeafdc5.jpg,"[0, 0, 1, 0]"
c13be241a4ff.jpg,"[0, 0, 1, 0]"
597c71c11e4e.jpg,"[0, 0, 1, 0]"
b0589215a008.jpg,"[1, 0, 0, 0]"
8a85fc894f7d.jpg,"[1, 0, 0, 0]"
30cd059a6258.jpg,"[0, 0, 1, 0]"
22a77edcfe69.jpg,"[0, 0, 1, 0]"
68d7af76a745.jpg,"[0, 0, 1, 0]"
94a09cf6f381.jpg,"[0, 0, 1, 0]"
2c1a5db8b9c6.jpg,"[0, 0, 1, 0]"
2d38fba3417b.jpg,"[1, 0, 0, 0]"
791f72872397.jpg,"[0, 0, 1, 0]"
d46b81b2033c.jpg,"[0, 0, 1, 0]"
38d60ec26a86.jpg,"[0, 0, 1, 0]"
888183e975ac.jpg,"[0, 1, 0, 0]"
15fcbef74c6b.jpg,"[0, 1, 0, 0]"
747f7a59cce6.jpg,"[0, 1, 0, 0]"
09ab68a25b4d.jpg,"[0, 1, 0, 0]"
42222d9c96a1.jpg,"[0, 0, 1, 0]"
626ada09e44a.jpg,"[0, 0, 1, 0]"
3217ecc6bfe5.jpg,"[0, 1, 0, 0]"
bc18d8d632b6.jpg,"[0, 1, 0, 0]"
e54e5667bfe7.jpg,"[1, 0, 0, 0]"
7577439bb566.jpg,"[1, 0, 0, 0]"
ccecc3d5a4e5.jpg,"[0, 0, 1, 0]"
8fe58b1f6c31.jpg,"[0, 0, 1, 0]"
409885bcac0e.jpg,"[1, 0, 0, 0]"
ff458fc77afc.jpg,"[1, 0, 0, 0]"
e254120e57bf.jpg,"[0, 1, 0, 0]"
2050414ba275.jpg,"[0, 1, 0, 0]"
1d6fea413f65.jpg,"[0, 1, 0, 0]"
2b96adebb388.jpg,"[0, 1, 0, 0]"
c44ea70965f6.jpg,"[0, 1, 0, 0]"
cf7faabffdb2.jpg,"[1, 0, 0, 0]"
b5a73f6512d3.jpg,"[1, 0, 0, 0]"
760c39714bbb.jpg,"[1, 0, 0, 0]"
04b5f7890673.jpg,"[0, 0, 1, 0]"
68f6874a78d6.jpg,"[0, 0, 1, 0]"
c79042b9dd72.jpg,"[0, 0, 1, 0]"
66deba1cd2e0.jpg,"[0, 0, 1, 0]"
653399c515ec.jpg,"[0, 0, 1, 0]"
af785b02a041.jpg,"[0, 0, 1, 0]"
021f10b26218.jpg,"[0, 1, 0, 0]"
d0852fcf8e9d.jpg,"[0, 1, 0, 0]"
32038331a569.jpg,"[0, 1, 0, 0]"
ba92b79dd597.jpg,"[0, 1, 0, 0]"
42a29ff8073b.jpg,"[0, 0, 1, 0]"
a5349ec68d6b.jpg,"[0, 0, 1, 0]"
c49b7f5eff16.jpg,"[1, 0, 0, 0]"
fb91519dd874.jpg,"[1, 0, 0, 0]"
897541d87262.jpg,"[0, 0, 1, 0]"
315eeed9b7b2.jpg,"[0, 0, 1, 0]"
68bdca551853.jpg,"[1, 0, 0, 0]"
ef2504ffb0fc.jpg,"[1, 0, 0, 0]"
c0b514e45478.jpg,"[0, 0, 1, 0]"
79c2c65e7ae5.jpg,"[0, 1, 0, 0]"
f76b4f61f24d.jpg,"[0, 1, 0, 0]"
9c53c175f261.jpg,"[0, 1, 0, 0]"
e8b58868b638.jpg,"[0, 0, 1, 0]"
bc118e7ea281.jpg,"[0, 0, 1, 0]"
e7cc4b782513.jpg,"[1, 0, 0, 0]"
ad0759d5f179.jpg,"[0, 0, 1, 0]"
5e72f046672d.jpg,"[0, 0, 1, 0]"
6761af559687.jpg,"[1, 0, 0, 0]"
60bd61085a05.jpg,"[0, 0, 1, 0]"
7954a50a6cfd.jpg,"[1, 0, 0, 0]"
7739d1bb969b.jpg,"[0, 1, 0, 0]"
9b2207ca276f.jpg,"[1, 0, 0, 0]"
efcd84bc57f4.jpg,"[1, 0, 0, 0]"
adbd62e437f8.jpg,"[1, 0, 0, 0]"
3c0975ae6cf8.jpg,"[1, 0, 0, 0]"
921ff3eb9607.jpg,"[1, 0, 0, 0]"
fb6e0f92c8e6.jpg,"[0, 0, 1, 0]"
ebd9975a0ff5.jpg,"[0, 0, 1, 0]"
552cac3ef8f1.jpg,"[0, 1, 0, 0]"
f7a4573f26cf.jpg,"[0, 0, 1, 0]"
141425e2fa09.jpg,"[0, 0, 1, 0]"
9ae4fee962db.jpg,"[1, 0, 0, 0]"
38c85f451351.jpg,"[1, 0, 0, 0]"
d6dfc686d564.jpg,"[0, 1, 0, 0]"
f32524960b35.jpg,"[0, 1, 0, 0]"
4e3caf3f2241.jpg,"[0, 1, 0, 0]"
61477e4426a3.jpg,"[0, 1, 0, 0]"
ca991679fc83.jpg,"[0, 0, 1, 0]"
edbed75bf1fc.jpg,"[0, 0, 1, 0]"
d930e13fa0cd.jpg,"[1, 0, 0, 0]"
7382c00c9b8f.jpg,"[1, 0, 0, 0]"
6c8877531725.jpg,"[0, 1, 0, 0]"
0881220c5f15.jpg,"[0, 1, 0, 0]"
0d7de6898846.jpg,"[0, 1, 0, 0]"
f95f4db5ee5a.jpg,"[1, 0, 0, 0]"
2299644aafa0.jpg,"[0, 1, 0, 0]"
77d7d3bef556.jpg,"[0, 1, 0, 0]"
2f43f91b9bfb.jpg,"[0, 1, 0, 0]"
8fb1ac1acb83.jpg,"[0, 1, 0, 0]"
1800310a97f1.jpg,"[0, 0, 1, 0]"
fa22b8fe4290.jpg,"[0, 0, 1, 0]"
c38fd0811ea6.jpg,"[0, 0, 1, 0]"
b0fc73b4fd11.jpg,"[0, 0, 1, 0]"
5ce58a71dbf3.jpg,"[0, 0, 1, 0]"
5c1676a9b1c7.jpg,"[0, 0, 1, 0]"
9c2d68197147.jpg,"[1, 0, 0, 0]"
9452f6072815.jpg,"[1, 0, 0, 0]"
25b58419d2e4.jpg,"[0, 1, 0, 0]"
b5b4f5863711.jpg,"[0, 1, 0, 0]"
e329efb11f42.jpg,"[0, 1, 0, 0]"
9581f7ab9b91.jpg,"[0, 0, 1, 0]"
256c5856b241.jpg,"[1, 0, 0, 0]"
99fc4fa8f525.jpg,"[1, 0, 0, 0]"
2c14e06a24ca.jpg,"[1, 0, 0, 0]"
1c84b1eefab0.jpg,"[1, 0, 0, 0]"
2b51f8dc067c.jpg,"[1, 0, 0, 0]"
8f113165e08e.jpg,"[1, 0, 0, 0]"
f86e26721f84.jpg,"[1, 0, 0, 0]"
d81b783ef3ad.jpg,"[1, 0, 0, 0]"
1d90edfac833.jpg,"[1, 0, 0, 0]"
811e68950169.jpg,"[1, 0, 0, 0]"
92652ce7b15d.jpg,"[0, 1, 0, 0]"
6c33d6b3d1c6.jpg,"[0, 1, 0, 0]"
ed2eaf0b2e17.jpg,"[0, 0, 1, 0]"
010eb142c1c7.jpg,"[0, 0, 1, 0]"
e387bbff8058.jpg,"[0, 0, 1, 0]"
3d7a9f82539f.jpg,"[1, 0, 0, 0]"
fd58714845d5.jpg,"[1, 0, 0, 0]"
342804f73125.jpg,"[0, 1, 0, 0]"
526388017aa7.jpg,"[0, 1, 0, 0]"
2d108abf5043.jpg,"[1, 0, 0, 0]"
b7c7285fcc2a.jpg,"[1, 0, 0, 0]"
18638ba31f43.jpg,"[1, 0, 0, 0]"
b55e5e2b8fbc.jpg,"[1, 0, 0, 0]"
b16cf1e2849a.jpg,"[1, 0, 0, 0]"
892af5d8fe55.jpg,"[1, 0, 0, 0]"
862809af3efa.jpg,"[0, 1, 0, 0]"
b66da2ff04b1.jpg,"[1, 0, 0, 0]"
d95d5692bd5b.jpg,"[0, 1, 0, 0]"
3a9447e0621f.jpg,"[0, 0, 1, 0]"
1c71e7227292.jpg,"[0, 0, 1, 0]"
2987d3eaa0fc.jpg,"[1, 0, 0, 0]"
3a03476ecd73.jpg,"[1, 0, 0, 0]"
57644a201617.jpg,"[0, 0, 1, 0]"
a6032adb8077.jpg,"[0, 1, 0, 0]"
34ec45507fdb.jpg,"[0, 1, 0, 0]"
5cefefbab2ca.jpg,"[1, 0, 0, 0]"
872514202420.jpg,"[1, 0, 0, 0]"
e88739f4dcdf.jpg,"[1, 0, 0, 0]"
43d94544eb35.jpg,"[0, 1, 0, 0]"
2ffa97e573d4.jpg,"[0, 1, 0, 0]"
ac57c120cdf7.jpg,"[0, 1, 0, 0]"
b596d57e3aa5.jpg,"[0, 1, 0, 0]"
fef451f68864.jpg,"[0, 1, 0, 0]"
c893f1cec91e.jpg,"[1, 0, 0, 0]"
266f9b18717b.jpg,"[1, 0, 0, 0]"
f9ae7b1233a7.jpg,"[0, 1, 0, 0]"
f77e6a3bc4bd.jpg,"[0, 1, 0, 0]"
4384df131eac.jpg,"[0, 1, 0, 0]"
4921ead2b6cf.jpg,"[0, 1, 0, 0]"
5754695e1b08.jpg,"[0, 1, 0, 0]"
081dbddd11a1.jpg,"[0, 0, 1, 0]"
06706ab5002a.jpg,"[1, 0, 0, 0]"
4a7fba8ff1eb.jpg,"[1, 0, 0, 0]"
099162be5c16.jpg,"[1, 0, 0, 0]"
c3166c96a456.jpg,"[1, 0, 0, 0]"
8c766320c39e.jpg,"[0, 1, 0, 0]"
7f84af93a94a.jpg,"[1, 0, 0, 0]"
c131457b589b.jpg,"[1, 0, 0, 0]"
6484ae4c0155.jpg,"[0, 1, 0, 0]"
526ca9e5baa3.jpg,"[0, 1, 0, 0]"
b673d49cfff8.jpg,"[0, 1, 0, 0]"
3e99eff39933.jpg,"[0, 1, 0, 0]"
744429d1a5b0.jpg,"[0, 1, 0, 0]"
ffc582a7d9eb.jpg,"[0, 1, 0, 0]"
a1fb72ccd2df.jpg,"[0, 1, 0, 0]"
24b18dbcdf02.jpg,"[0, 1, 0, 0]"
3b7320e6b07c.jpg,"[0, 1, 0, 0]"
1124229025fa.jpg,"[1, 0, 0, 0]"
27d1f47e1ae4.jpg,"[1, 0, 0, 0]"
f31dbd12b13f.jpg,"[0, 1, 0, 0]"
b20dd686ff96.jpg,"[0, 0, 1, 0]"
7d929a0ee5ca.jpg,"[0, 1, 0, 0]"
540069e7d3fb.jpg,"[0, 1, 0, 0]"
3e79d5b6fb4d.jpg,"[0, 1, 0, 0]"
f4e206a27ec2.jpg,"[0, 1, 0, 0]"
ecdf23d524b0.jpg,"[0, 1, 0, 0]"
908a04036b76.jpg,"[0, 0, 1, 0]"
1cde93da547c.jpg,"[1, 0, 0, 0]"
6761fe714645.jpg,"[0, 0, 1, 0]"
de65d484db99.jpg,"[0, 0, 1, 0]"
bccd174661dd.jpg,"[1, 0, 0, 0]"
ce414d69b9a7.jpg,"[1, 0, 0, 0]"
5d1b5bd907da.jpg,"[0, 1, 0, 0]"
c4c7d6c1ce21.jpg,"[1, 0, 0, 0]"
cfd85aec9a50.jpg,"[1, 0, 0, 0]"
8b01396f647e.jpg,"[1, 0, 0, 0]"
8fc4a247a227.jpg,"[0, 1, 0, 0]"
d25e550efe5c.jpg,"[0, 1, 0, 0]"
7c9b9c2da774.jpg,"[1, 0, 0, 0]"
13fc9c4c2e41.jpg,"[0, 1, 0, 0]"
ec0c3a0f6a1c.jpg,"[1, 0, 0, 0]"
5dd7303339ab.jpg,"[0, 0, 1, 0]"
44dd1af29d8a.jpg,"[0, 0, 1, 0]"
dd1028ef5bf8.jpg,"[0, 1, 0, 0]"
c63c205ce60b.jpg,"[0, 1, 0, 0]"
e796ce3b0fc8.jpg,"[1, 0, 0, 0]"
799f91a89984.jpg,"[0, 1, 0, 0]"
b850e27f745f.jpg,"[1, 0, 0, 0]"
27f84067b379.jpg,"[1, 0, 0, 0]"
24c48ef555fc.jpg,"[1, 0, 0, 0]"
d336fcddb02f.jpg,"[1, 0, 0, 0]"
1dfb00fc6138.jpg,"[1, 0, 0, 0]"
4ae291102839.jpg,"[0, 1, 0, 0]"
072c079ce076.jpg,"[0, 0, 1, 0]"
6b21ab147361.jpg,"[1, 0, 0, 0]"
1071522a0a8d.jpg,"[0, 0, 1, 0]"
fd9a51ec5c81.jpg,"[0, 0, 1, 0]"
824d70321bcd.jpg,"[0, 0, 1, 0]"
8d6c32150748.jpg,"[1, 0, 0, 0]"
26ffa94d9926.jpg,"[1, 0, 0, 0]"
04d02e6ffb20.jpg,"[0, 0, 1, 0]"
446ffd8da4dd.jpg,"[1, 0, 0, 0]"
93f78e9afc37.jpg,"[1, 0, 0, 0]"
500958f32fbe.jpg,"[1, 0, 0, 0]"
bb42ca9de4db.jpg,"[1, 0, 0, 0]"
613c879a5c6a.jpg,"[1, 0, 0, 0]"
fe2e69065102.jpg,"[1, 0, 0, 0]"
cb2551eabc03.jpg,"[1, 0, 0, 0]"
150df2b8aea6.jpg,"[1, 0, 0, 0]"
19a39631f0b2.jpg,"[0, 0, 1, 0]"
81b1d5cc0c02.jpg,"[0, 0, 1, 0]"
b2474bdb7459.jpg,"[0, 0, 1, 0]"
e281fdf78835.jpg,"[0, 0, 1, 0]"
bf7b79d0d1a0.jpg,"[0, 0, 1, 0]"
db04c7954c57.jpg,"[0, 0, 1, 0]"
64a31c3bed4c.jpg,"[0, 0, 1, 0]"
5abf7f309c68.jpg,"[1, 0, 0, 0]"
ac12a056dc6b.jpg,"[1, 0, 0, 0]"
175daba4bc2f.jpg,"[0, 0, 1, 0]"
bf4a39c0d8f0.jpg,"[0, 0, 1, 0]"
5e0f58e8f7ed.jpg,"[0, 1, 0, 0]"
8c2aedb0d5ed.jpg,"[1, 0, 0, 0]"
a2d40a666360.jpg,"[1, 0, 0, 0]"
4c0a6aa852d9.jpg,"[1, 0, 0, 0]"
35c3f5e799e4.jpg,"[1, 0, 0, 0]"
1e2d7f388ba4.jpg,"[0, 0, 1, 0]"
20947a2ea8ab.jpg,"[0, 1, 0, 0]"
47829ac01091.jpg,"[0, 1, 0, 0]"
9d557b906108.jpg,"[0, 1, 0, 0]"
2917d0426598.jpg,"[0, 1, 0, 0]"
039cc5d937f7.jpg,"[1, 0, 0, 0]"
eb1bc4002fcb.jpg,"[1, 0, 0, 0]"
a5defe3eb266.jpg,"[0, 0, 1, 0]"
ee7055870af9.jpg,"[0, 1, 0, 0]"
dd707c167888.jpg,"[0, 1, 0, 0]"
4a1e87f16772.jpg,"[1, 0, 0, 0]"
7a42de89a18b.jpg,"[1, 0, 0, 0]"
ee39b4c00ad2.jpg,"[0, 0, 1, 0]"
d5e6e0cc0160.jpg,"[0, 0, 1, 0]"
bbb28d23041f.jpg,"[0, 0, 1, 0]"
32f327755fbe.jpg,"[0, 0, 1, 0]"
af48866835e9.jpg,"[0, 0, 1, 0]"
1c6f68b596c2.jpg,"[0, 0, 1, 0]"
ab3da1d5d826.jpg,"[0, 1, 0, 0]"
7b903eb29ae9.jpg,"[0, 1, 0, 0]"
3a7a2ebe8777.jpg,"[1, 0, 0, 0]"
f061d024f71a.jpg,"[1, 0, 0, 0]"
874fc70e4226.jpg,"[1, 0, 0, 0]"
61268100adb1.jpg,"[1, 0, 0, 0]"
f4e08e105840.jpg,"[1, 0, 0, 0]"
69d6bac43dab.jpg,"[0, 0, 1, 0]"
3e992ac74eec.jpg,"[0, 0, 1, 0]"
daabc40599d1.jpg,"[0, 0, 1, 0]"
970888631027.jpg,"[0, 1, 0, 0]"
443f7a712882.jpg,"[0, 1, 0, 0]"
8c4a491a591e.jpg,"[1, 0, 0, 0]"
6cfe3d7548db.jpg,"[1, 0, 0, 0]"
a610568289dc.jpg,"[0, 1, 0, 0]"
58201d98f558.jpg,"[0, 1, 0, 0]"
a752d1b5b5a3.jpg,"[0, 0, 1, 0]"
a6b66440af6a.jpg,"[1, 0, 0, 0]"
3e40b4cd54ca.jpg,"[1, 0, 0, 0]"
d7b7ee4dcb2f.jpg,"[1, 0, 0, 0]"
1388427ebc00.jpg,"[0, 1, 0, 0]"
0c396079f71a.jpg,"[0, 0, 1, 0]"
4d26fca0adfa.jpg,"[0, 0, 1, 0]"
327afc5a8684.jpg,"[0, 0, 1, 0]"
7634d04fd592.jpg,"[0, 0, 1, 0]"
b3c7b9c7faba.jpg,"[0, 0, 1, 0]"
96e2c66d4128.jpg,"[0, 0, 1, 0]"
88e75e2f4af1.jpg,"[1, 0, 0, 0]"
c8ee490438cd.jpg,"[0, 0, 1, 0]"
6cd3ed0404e8.jpg,"[1, 0, 0, 0]"
771520cbf657.jpg,"[1, 0, 0, 0]"
74f67764b075.jpg,"[0, 1, 0, 0]"
71ce58dabc71.jpg,"[0, 0, 1, 0]"
3b3d857eb55a.jpg,"[0, 0, 1, 0]"
b18aae7e7d33.jpg,"[0, 0, 1, 0]"
47e9db17af55.jpg,"[1, 0, 0, 0]"
933b55337d90.jpg,"[1, 0, 0, 0]"
efe6e921a1c2.jpg,"[1, 0, 0, 0]"
a914dc13ca80.jpg,"[1, 0, 0, 0]"
57abc0741f53.jpg,"[0, 0, 1, 0]"
fe06cb4de337.jpg,"[0, 0, 1, 0]"
c881ef6ef068.jpg,"[0, 0, 1, 0]"
afc7a1f7cc68.jpg,"[0, 1, 0, 0]"
c5ec489ad308.jpg,"[0, 1, 0, 0]"
9ece3b6bcdb0.jpg,"[1, 0, 0, 0]"
5ee82911600a.jpg,"[0, 0, 1, 0]"
1941d2a21dd9.jpg,"[0, 0, 1, 0]"
7a3973745d0b.jpg,"[0, 1, 0, 0]"
7bb11d28c333.jpg,"[0, 0, 1, 0]"
698df260ccc2.jpg,"[0, 0, 1, 0]"
803b298b1f86.jpg,"[0, 0, 1, 0]"
15c14aa43447.jpg,"[0, 0, 1, 0]"
7ff2627960f5.jpg,"[1, 0, 0, 0]"
f4912e23d54f.jpg,"[1, 0, 0, 0]"
ee4bb6d544be.jpg,"[0, 0, 1, 0]"
e93577854bf5.jpg,"[0, 0, 1, 0]"
b9c36b7bd936.jpg,"[0, 0, 1, 0]"
2ee2fcd4bde9.jpg,"[1, 0, 0, 0]"
80503aec78db.jpg,"[0, 0, 1, 0]"
8b212c9faccf.jpg,"[1, 0, 0, 0]"
8ddd32fac7cc.jpg,"[0, 0, 1, 0]"
6db1767b2cb1.jpg,"[0, 1, 0, 0]"
b3a5f5fae591.jpg,"[1, 0, 0, 0]"
de2356507890.jpg,"[1, 0, 0, 0]"
805a8330c8ce.jpg,"[1, 0, 0, 0]"
6431e114a8f1.jpg,"[1, 0, 0, 0]"
cb9b16b9de8b.jpg,"[0, 0, 1, 0]"
cfb0a412ee87.jpg,"[0, 1, 0, 0]"
482cd0d2bf56.jpg,"[0, 0, 1, 0]"
f301945d7f65.jpg,"[1, 0, 0, 0]"
e9c06fe4e6a1.jpg,"[1, 0, 0, 0]"
032755130814.jpg,"[0, 0, 1, 0]"
df236159eaf8.jpg,"[0, 0, 1, 0]"
8ea5d3fa2bb0.jpg,"[0, 1, 0, 0]"
ef81c62184ae.jpg,"[0, 1, 0, 0]"
876875db3bfa.jpg,"[0, 1, 0, 0]"
399db5fe0804.jpg,"[1, 0, 0, 0]"
39d0e1ce5be0.jpg,"[0, 0, 1, 0]"
e93a0a5f70c2.jpg,"[0, 1, 0, 0]"
fa0acaaeb3ff.jpg,"[1, 0, 0, 0]"
42d25197d78e.jpg,"[0, 1, 0, 0]"
93fdb9253059.jpg,"[0, 1, 0, 0]"
210981382e26.jpg,"[1, 0, 0, 0]"
5c0ca941ea84.jpg,"[0, 0, 1, 0]"
ea8439c60a68.jpg,"[0, 1, 0, 0]"
aa1c006bc8de.jpg,"[0, 1, 0, 0]"
93d226278a4c.jpg,"[0, 1, 0, 0]"
8548d22733e1.jpg,"[0, 1, 0, 0]"
0c2ef6cdbf05.jpg,"[0, 0, 1, 0]"
eb0e78e05d5b.jpg,"[1, 0, 0, 0]"
89752be38790.jpg,"[0, 1, 0, 0]"
7c385bf6769e.jpg,"[0, 0, 1, 0]"
37098a38fc5d.jpg,"[1, 0, 0, 0]"
0366aa43e9a7.jpg,"[0, 0, 1, 0]"
ca1152543b99.jpg,"[0, 0, 1, 0]"
c9106dc76f28.jpg,"[1, 0, 0, 0]"
daf401a963db.jpg,"[1, 0, 0, 0]"
1d9f6bb08c6d.jpg,"[1, 0, 0, 0]"
dde31863336a.jpg,"[0, 0, 1, 0]"
56eeae3b7f55.jpg,"[0, 0, 1, 0]"
6cfe25ae4a53.jpg,"[1, 0, 0, 0]"
7c78ef425d2e.jpg,"[0, 0, 1, 0]"
5424aea68dce.jpg,"[0, 0, 1, 0]"
83b9bb39e95d.jpg,"[0, 0, 1, 0]"
4d8d1fe90301.jpg,"[0, 0, 1, 0]"
4a0848a3562d.jpg,"[1, 0, 0, 0]"
841143aa66b5.jpg,"[1, 0, 0, 0]"
aedca8eb1c6f.jpg,"[1, 0, 0, 0]"
71a04edd6717.jpg,"[1, 0, 0, 0]"
12a36ae27eee.jpg,"[1, 0, 0, 0]"
a3b4f0a40478.jpg,"[1, 0, 0, 0]"
9d05b2f0ba04.jpg,"[0, 0, 1, 0]"
e004520cc74a.jpg,"[0, 0, 1, 0]"
d15b33a124a8.jpg,"[1, 0, 0, 0]"
802b40368e10.jpg,"[1, 0, 0, 0]"
a0a088a0c45e.jpg,"[1, 0, 0, 0]"
953961724285.jpg,"[1, 0, 0, 0]"
c12f22ce2adc.jpg,"[1, 0, 0, 0]"
01b7550c1b1e.jpg,"[0, 0, 1, 0]"
e909b3495541.jpg,"[0, 0, 1, 0]"
96078192969a.jpg,"[0, 1, 0, 0]"
64ae622d07b9.jpg,"[1, 0, 0, 0]"
56ea1a3bacde.jpg,"[1, 0, 0, 0]"
d38d18c06f08.jpg,"[1, 0, 0, 0]"
c61583d2b602.jpg,"[1, 0, 0, 0]"
ed27105d1d68.jpg,"[0, 1, 0, 0]"
628c9a759f5a.jpg,"[0, 1, 0, 0]"
24aa8ac1fa0e.jpg,"[0, 1, 0, 0]"
42bc4bee60c3.jpg,"[0, 1, 0, 0]"
79f3fa42e5c3.jpg,"[1, 0, 0, 0]"
1a57bdcb25ed.jpg,"[1, 0, 0, 0]"
c5b7e0b14da6.jpg,"[1, 0, 0, 0]"
e8db44970ffe.jpg,"[1, 0, 0, 0]"
6eb43da0b101.jpg,"[1, 0, 0, 0]"
f311f43d1e3b.jpg,"[1, 0, 0, 0]"
fccc52a24d58.jpg,"[0, 1, 0, 0]"
c1a1f0246948.jpg,"[0, 0, 1, 0]"
ce05a2c93775.jpg,"[1, 0, 0, 0]"
1fecffac0036.jpg,"[1, 0, 0, 0]"
0d11eadea83b.jpg,"[0, 1, 0, 0]"
b1d111960d6d.jpg,"[0, 1, 0, 0]"
9319dcd29db1.jpg,"[0, 0, 1, 0]"
db01347ab513.jpg,"[0, 0, 1, 0]"
3a14fb4331a0.jpg,"[0, 0, 1, 0]"
21c415d74f4b.jpg,"[0, 1, 0, 0]"
a572bded1452.jpg,"[1, 0, 0, 0]"
aa92ed90dffc.jpg,"[1, 0, 0, 0]"
d4cf9a46c551.jpg,"[0, 1, 0, 0]"
747983313507.jpg,"[0, 1, 0, 0]"
5fc27877a9a6.jpg,"[0, 0, 1, 0]"
dc64ee6acceb.jpg,"[0, 0, 1, 0]"
169170e85e2b.jpg,"[1, 0, 0, 0]"
05bdd82a3b56.jpg,"[1, 0, 0, 0]"
c84a1565e152.jpg,"[1, 0, 0, 0]"
116b67223605.jpg,"[1, 0, 0, 0]"
7198355aa14c.jpg,"[1, 0, 0, 0]"
001e39f3c4e7.jpg,"[1, 0, 0, 0]"
83954d41bc8b.jpg,"[0, 0, 1, 0]"
eb9b0795c6d8.jpg,"[0, 0, 1, 0]"
b4c3969ca543.jpg,"[0, 0, 1, 0]"
f1fc4711cb1c.jpg,"[1, 0, 0, 0]"
537214ff4403.jpg,"[0, 1, 0, 0]"
e4fae6b827dc.jpg,"[0, 1, 0, 0]"
0525627472f3.jpg,"[0, 1, 0, 0]"
2ba7c03e5795.jpg,"[0, 0, 1, 0]"
12ed60469b98.jpg,"[0, 0, 1, 0]"
64659edb775c.jpg,"[1, 0, 0, 0]"
8fb0a3e1bb33.jpg,"[0, 0, 1, 0]"
0c5be652b2d2.jpg,"[0, 0, 1, 0]"
b062bab8b479.jpg,"[0, 0, 1, 0]"
e313b80cb38f.jpg,"[0, 0, 1, 0]"
1a68062a4469.jpg,"[0, 0, 1, 0]"
d944d96bd17f.jpg,"[0, 1, 0, 0]"
024f9542aeeb.jpg,"[1, 0, 0, 0]"
d26dd0b68b3f.jpg,"[0, 1, 0, 0]"
01026ef5bb56.jpg,"[0, 0, 1, 0]"
2d86bc00668c.jpg,"[0, 0, 1, 0]"
2cd4a1557be0.jpg,"[1, 0, 0, 0]"
17d3d9d9d6ea.jpg,"[1, 0, 0, 0]"
31e8ea629af2.jpg,"[1, 0, 0, 0]"
e44f17dc191f.jpg,"[1, 0, 0, 0]"
c5c1b8e27553.jpg,"[1, 0, 0, 0]"
a88d4585dd67.jpg,"[1, 0, 0, 0]"
4898e3eefcba.jpg,"[0, 0, 1, 0]"
1a7e3e46cd03.jpg,"[0, 0, 1, 0]"
229ed1682527.jpg,"[0, 0, 1, 0]"
75225d8d1f1f.jpg,"[0, 1, 0, 0]"
10f2e6163087.jpg,"[0, 1, 0, 0]"
ed8fc2d184fe.jpg,"[1, 0, 0, 0]"
c0f0553c3fe3.jpg,"[0, 1, 0, 0]"
512894e20451.jpg,"[0, 1, 0, 0]"
b7f5c8193db7.jpg,"[0, 1, 0, 0]"
b374b2029638.jpg,"[0, 1, 0, 0]"
1651a73bea82.jpg,"[1, 0, 0, 0]"
b4af1a851619.jpg,"[0, 0, 1, 0]"
a6ee59d100a0.jpg,"[0, 0, 1, 0]"
c3222b1cc719.jpg,"[0, 0, 1, 0]"
6fe370cf303d.jpg,"[0, 0, 1, 0]"
02b3ac0f4608.jpg,"[0, 1, 0, 0]"
02bff9fd3750.jpg,"[0, 1, 0, 0]"
6979e8225e91.jpg,"[0, 0, 1, 0]"
3d0a01bc83ab.jpg,"[0, 0, 1, 0]"
1e0557924e04.jpg,"[0, 0, 1, 0]"
bc5a5f0b3731.jpg,"[0, 0, 1, 0]"
672528ce7b8f.jpg,"[0, 1, 0, 0]"
0f8d8406ca63.jpg,"[1, 0, 0, 0]"
1c613ffc6fcc.jpg,"[1, 0, 0, 0]"
bc3ef12b3650.jpg,"[0, 0, 1, 0]"
c9addf776d17.jpg,"[0, 0, 1, 0]"
65844936a06d.jpg,"[0, 0, 1, 0]"
62beab5004cd.jpg,"[0, 0, 1, 0]"
e8745fe010b2.jpg,"[0, 1, 0, 0]"
a9a6bb867135.jpg,"[0, 1, 0, 0]"
1392bd4ea2ca.jpg,"[0, 0, 1, 0]"
6e8ab1bcd1a7.jpg,"[0, 0, 1, 0]"
fa24ba554a97.jpg,"[0, 0, 1, 0]"
c19f638c6860.jpg,"[0, 1, 0, 0]"
a3afac84391e.jpg,"[0, 0, 1, 0]"
a3d10489e701.jpg,"[0, 0, 1, 0]"
8cd457a348bc.jpg,"[0, 0, 1, 0]"
5b1de5927185.jpg,"[0, 0, 1, 0]"
de4e9ae107b2.jpg,"[0, 0, 1, 0]"
d23ab00d2764.jpg,"[1, 0, 0, 0]"
ba1483eda0ec.jpg,"[0, 1, 0, 0]"
8bf923c04010.jpg,"[1, 0, 0, 0]"
37dea29bcebf.jpg,"[0, 1, 0, 0]"
d49e080de5d4.jpg,"[1, 0, 0, 0]"
303faa1c3644.jpg,"[0, 0, 0, 1]"
21102f352883.jpg,"[0, 0, 0, 1]"
18198ddfa097.jpg,"[0, 0, 0, 1]"
9685c2e58104.jpg,"[0, 0, 0, 1]"
a731e1f4015a.jpg,"[0, 0, 0, 1]"
2d7e52601884.jpg,"[0, 0, 0, 1]"
933c2f20141c.jpg,"[0, 0, 0, 1]"
0039da113d83.jpg,"[0, 0, 0, 1]"
60872f879aad.jpg,"[0, 0, 0, 1]"
2d22649f5a73.jpg,"[0, 0, 0, 1]"
f8c896558bdf.jpg,"[0, 0, 0, 1]"
fa4ae528db93.jpg,"[0, 0, 0, 1]"
ab4d29fc7723.jpg,"[0, 0, 0, 1]"
3f284b83eba2.jpg,"[0, 0, 0, 1]"
0b508ff6a251.jpg,"[0, 0, 0, 1]"
2b2d5aa42d4f.jpg,"[0, 0, 0, 1]"
5b97289fc4ea.jpg,"[0, 0, 0, 1]"
e23fafd467ad.jpg,"[0, 0, 0, 1]"
65da9d178699.jpg,"[0, 0, 0, 1]"
596088793db3.jpg,"[0, 0, 0, 1]"
e1ac23af95dd.jpg,"[0, 0, 0, 1]"
8374535b5b28.jpg,"[0, 0, 0, 1]"
b2847a91d14f.jpg,"[0, 0, 0, 1]"
046a26b02304.jpg,"[0, 0, 0, 1]"
97cd9299dc12.jpg,"[0, 0, 0, 1]"
37e313a2461a.jpg,"[0, 0, 0, 1]"
da0d0c7e9336.jpg,"[0, 0, 0, 1]"
83783e35af53.jpg,"[0, 0, 0, 1]"
6d67b47500be.jpg,"[0, 0, 0, 1]"
94809294a4d3.jpg,"[0, 0, 0, 1]"
83badf5ddd05.jpg,"[0, 0, 0, 1]"
7182a503fba0.jpg,"[0, 0, 0, 1]"
0c3e53cd6f82.jpg,"[0, 0, 0, 1]"
13220223275e.jpg,"[0, 0, 0, 1]"
3f9bbd9175c4.jpg,"[0, 0, 0, 1]"
a84d9ed12a7b.jpg,"[0, 0, 0, 1]"
9eaf981d35c9.jpg,"[0, 0, 0, 1]"
7fbb71c27819.jpg,"[0, 0, 0, 1]"
3d271e1bb10c.jpg,"[0, 0, 0, 1]"
04faa34ea9b8.jpg,"[0, 0, 0, 1]"
3be1d5b2be79.jpg,"[0, 0, 0, 1]"
9cf56ed1c7c0.jpg,"[0, 0, 0, 1]"
e3d43145b3d0.jpg,"[0, 0, 0, 1]"
9fe6961350c9.jpg,"[0, 0, 0, 1]"
fef6b0eb6a08.jpg,"[0, 0, 0, 1]"
1f4eb4649b95.jpg,"[0, 0, 0, 1]"
f68d64049e4a.jpg,"[0, 0, 0, 1]"
bed8397665bd.jpg,"[0, 0, 0, 1]"
075a1b1372ea.jpg,"[0, 0, 0, 1]"
b40f75009660.jpg,"[0, 0, 0, 1]"
3b2f1a321a74.jpg,"[0, 0, 0, 1]"
82a6c7e2bbde.jpg,"[0, 0, 0, 1]"
c4d792422dcc.jpg,"[0, 0, 0, 1]"
9543a738ebd1.jpg,"[0, 0, 0, 1]"
b492b96e52fe.jpg,"[0, 0, 0, 1]"
c232a1099ff5.jpg,"[0, 0, 0, 1]"
40084ecaf537.jpg,"[0, 0, 0, 1]"
5960237dbbcf.jpg,"[0, 0, 0, 1]"
b80cd4c08214.jpg,"[0, 0, 0, 1]"
57a895b2e5e8.jpg,"[0, 0, 0, 1]"
ad2c03e1d547.jpg,"[0, 0, 0, 1]"
a8531be2bdb3.jpg,"[0, 0, 0, 1]"
ca7ec4a1c2d0.jpg,"[0, 0, 0, 1]"
8e20ee262745.jpg,"[0, 0, 0, 1]"
dd694897f008.jpg,"[0, 0, 0, 1]"
4147da5bf645.jpg,"[0, 0, 0, 1]"
594ea9d27622.jpg,"[0, 0, 0, 1]"
3007921225a0.jpg,"[0, 0, 0, 1]"
e1ed15b6cd69.jpg,"[0, 0, 0, 1]"
1688eb507f56.jpg,"[0, 0, 0, 1]"
e45d2db54eeb.jpg,"[0, 0, 0, 1]"
d6a6a1f44222.jpg,"[0, 0, 0, 1]"
250190f92ed0.jpg,"[0, 0, 0, 1]"
6b2d9fff7881.jpg,"[0, 0, 0, 1]"
99b92ed39bc0.jpg,"[0, 0, 0, 1]"
14991c9fed4c.jpg,"[0, 0, 0, 1]"
c0210ca83e17.jpg,"[0, 0, 0, 1]"
01ba2c17ed2b.jpg,"[0, 0, 0, 1]"
0c58f3acffcf.jpg,"[0, 0, 0, 1]"
ea951c8d5386.jpg,"[0, 0, 0, 1]"
9a6c251dbe53.jpg,"[0, 0, 0, 1]"
8dac3acfae5b.jpg,"[0, 0, 0, 1]"
bfa14115387c.jpg,"[0, 0, 0, 1]"
923faa41ae70.jpg,"[0, 0, 0, 1]"
a8b4cdf06f46.jpg,"[0, 0, 0, 1]"
5e5a4fb5295a.jpg,"[0, 0, 0, 1]"
757049a7a671.jpg,"[0, 0, 0, 1]"
3927f502e8d1.jpg,"[0, 0, 0, 1]"
73375d643f1b.jpg,"[0, 0, 0, 1]"
c50c4eda2979.jpg,"[0, 0, 0, 1]"
56f83a6883ad.jpg,"[0, 0, 0, 1]"
393aaa719d52.jpg,"[0, 0, 0, 1]"
4f13f79002b2.jpg,"[0, 0, 0, 1]"
53c3d7ab52d6.jpg,"[0, 0, 0, 1]"
77995f6e4bbd.jpg,"[0, 0, 0, 1]"
92db56df48ee.jpg,"[0, 0, 0, 1]"
88c199a72b04.jpg,"[0, 0, 0, 1]"
e2c4303a0bdd.jpg,"[0, 0, 0, 1]"
5efcd8a23903.jpg,"[0, 0, 0, 1]"
d614ae621658.jpg,"[0, 0, 0, 1]"
9ae21c6bf983.jpg,"[0, 0, 0, 1]"
cfc852f42a6b.jpg,"[0, 0, 0, 1]"
cb8b29f36448.jpg,"[0, 0, 0, 1]"
ecd9d5ddaaed.jpg,"[0, 0, 0, 1]"
af993f6b3885.jpg,"[0, 0, 0, 1]"
d67aa70d2176.jpg,"[0, 0, 0, 1]"
bdee4fa1cbc1.jpg,"[0, 0, 0, 1]"
9815570487b2.jpg,"[0, 0, 0, 1]"
28a54801af6f.jpg,"[0, 0, 0, 1]"
62cd1c1c8434.jpg,"[0, 0, 0, 1]"
53e313976ede.jpg,"[0, 0, 0, 1]"
457ac5c3daad.jpg,"[0, 0, 0, 1]"
0cef8fdd1eca.jpg,"[0, 0, 0, 1]"
e9293b9d1478.jpg,"[0, 0, 0, 1]"
5d04c025e8a8.jpg,"[0, 0, 0, 1]"
90b517f1f237.jpg,"[0, 0, 0, 1]"
95590c52f6e4.jpg,"[0, 0, 0, 1]"
7a3c864ecc5b.jpg,"[0, 0, 0, 1]"
61efb922f089.jpg,"[0, 0, 0, 1]"
98db7b778832.jpg,"[0, 0, 0, 1]"
3aa6eb138afe.jpg,"[0, 0, 0, 1]"
90b11a655639.jpg,"[0, 0, 0, 1]"
84f5d9426bc0.jpg,"[0, 0, 0, 1]"
4345d80f0a7f.jpg,"[0, 0, 0, 1]"
94b9759312a1.jpg,"[0, 0, 0, 1]"
e0ab2506cb75.jpg,"[0, 0, 0, 1]"
029e2c311022.jpg,"[0, 0, 0, 1]"
f85cdcf4dcad.jpg,"[0, 0, 0, 1]"
15f0bd730952.jpg,"[0, 0, 0, 1]"
477ee0d899e5.jpg,"[0, 0, 0, 1]"
2c0dcec78bd7.jpg,"[0, 0, 0, 1]"
f69f2132cd43.jpg,"[0, 0, 0, 1]"
f79de96fdb83.jpg,"[0, 0, 0, 1]"
538fb82f51b4.jpg,"[0, 0, 0, 1]"
bc976d54763e.jpg,"[0, 0, 0, 1]"
9b5f8f90050b.jpg,"[0, 0, 0, 1]"
3af1eab42737.jpg,"[0, 0, 0, 1]"
d0a7fb02024c.jpg,"[0, 0, 0, 1]"
10a4ea5dd807.jpg,"[0, 0, 0, 1]"
e12fc9be6ab5.jpg,"[0, 0, 0, 1]"
2eeb0c7908c5.jpg,"[0, 0, 0, 1]"
056802c36bdb.jpg,"[0, 0, 0, 1]"
99b6ee8a9a12.jpg,"[0, 0, 0, 1]"
c05eb93c6968.jpg,"[0, 0, 0, 1]"
33e005a3823f.jpg,"[0, 0, 0, 1]"
618dc7b78520.jpg,"[0, 0, 0, 1]"
cc99bb26d41b.jpg,"[0, 0, 0, 1]"
75358fae4f2a.jpg,"[0, 0, 0, 1]"
dc36fffa529e.jpg,"[0, 0, 0, 1]"
e4afa99f7d5f.jpg,"[0, 0, 0, 1]"
3a0d865c99a9.jpg,"[0, 0, 0, 1]"
e333eb8359d5.jpg,"[0, 0, 0, 1]"
8c0bc3323239.jpg,"[0, 0, 0, 1]"
7a0eb2c879a3.jpg,"[0, 0, 0, 1]"
57ffc85cc8f6.jpg,"[0, 0, 0, 1]"
6970e8b2d4e5.jpg,"[0, 0, 0, 1]"
ed3ac2d9aa44.jpg,"[0, 0, 0, 1]"
4b679e858533.jpg,"[0, 0, 0, 1]"
c55fd0304316.jpg,"[0, 0, 0, 1]"
0624df0170aa.jpg,"[0, 0, 0, 1]"
77365c42e31b.jpg,"[0, 0, 0, 1]"
e488101ed7df.jpg,"[0, 0, 0, 1]"
347846e0ee0f.jpg,"[0, 0, 0, 1]"
fcdf644567de.jpg,"[0, 0, 0, 1]"
1b637d608938.jpg,"[0, 0, 0, 1]"
bcee519f628b.jpg,"[0, 0, 0, 1]"
e692b31d0cdb.jpg,"[0, 0, 0, 1]"
dfff1a003102.jpg,"[0, 0, 0, 1]"
add5baafe3f3.jpg,"[0, 0, 0, 1]"
0851ca6f71ba.jpg,"[0, 0, 0, 1]"
7bd08c28d71a.jpg,"[0, 0, 0, 1]"
e860ba1d7a89.jpg,"[0, 0, 0, 1]"
7cd99f7b199a.jpg,"[0, 0, 0, 1]"
33d15e8e2f30.jpg,"[0, 0, 0, 1]"
a325d15cb78e.jpg,"[0, 0, 0, 1]"
7806657f7aab.jpg,"[0, 0, 0, 1]"
a594aa44ff10.jpg,"[0, 0, 0, 1]"
031192c1324f.jpg,"[0, 0, 0, 1]"
634add48ea97.jpg,"[0, 0, 0, 1]"
c7712fcc5078.jpg,"[0, 0, 0, 1]"
a669bd222cf4.jpg,"[0, 0, 0, 1]"
3581ec67c70e.jpg,"[0, 0, 0, 1]"
93c839d1a404.jpg,"[0, 0, 0, 1]"
c6dc37cd5f2e.jpg,"[0, 0, 0, 1]"
b7cadae9a1fb.jpg,"[0, 0, 0, 1]"
b68b197a6870.jpg,"[0, 0, 0, 1]"
4a36ce3a6f9e.jpg,"[0, 0, 0, 1]"
ce9593183966.jpg,"[0, 0, 0, 1]"
d4ef9a6f3fa2.jpg,"[0, 0, 0, 1]"
5423347b821a.jpg,"[0, 0, 0, 1]"
cb40e61bbef4.jpg,"[0, 0, 0, 1]"
691592139281.jpg,"[0, 0, 0, 1]"
2d8fc672ef14.jpg,"[0, 0, 0, 1]"
97d752293c76.jpg,"[0, 0, 0, 1]"
206b06ba3c10.jpg,"[0, 0, 0, 1]"
daf7f8bf4fcd.jpg,"[0, 0, 0, 1]"
8d55fefff8b3.jpg,"[0, 0, 0, 1]"
856827de2cd5.jpg,"[0, 0, 0, 1]"
27795535c049.jpg,"[0, 0, 0, 1]"
6479306724a3.jpg,"[0, 0, 0, 1]"
f7432b7cc47b.jpg,"[0, 0, 0, 1]"
5461b865ea2d.jpg,"[0, 0, 0, 1]"
1d01d21d358d.jpg,"[0, 0, 0, 1]"
9cdb23736c22.jpg,"[0, 0, 0, 1]"
722790f3e733.jpg,"[0, 0, 0, 1]"
68a5b3846b4e.jpg,"[0, 0, 0, 1]"
8e726a25528c.jpg,"[0, 0, 0, 1]"
9715f3df6c9e.jpg,"[0, 0, 0, 1]"
1ae7aafef7cb.jpg,"[0, 0, 0, 1]"
fb0f7eb9ce21.jpg,"[0, 0, 0, 1]"
7c98ffcb4da5.jpg,"[0, 0, 0, 1]"
5b061f14d7d0.jpg,"[0, 0, 0, 1]"
d70e225100c7.jpg,"[0, 0, 0, 1]"
760b6b723100.jpg,"[0, 0, 0, 1]"
94180c104051.jpg,"[0, 0, 0, 1]"
089b3fe2ea04.jpg,"[0, 0, 0, 1]"
315991e4e5d3.jpg,"[0, 0, 0, 1]"
46ff848f59d4.jpg,"[0, 0, 0, 1]"
0a1ca36be2c5.jpg,"[0, 0, 0, 1]"
96f11f20fe93.jpg,"[0, 0, 0, 1]"
train_100_A.jpg,"[1, 0, 0, 0]"
train_101_A.jpg,"[1, 0, 0, 0]"
train_103_A.jpg,"[1, 0, 0, 0]"
train_104_A.jpg,"[1, 0, 0, 0]"
train_105_A.jpg,"[1, 0, 0, 0]"
train_10_A.jpg,"[1, 0, 0, 0]"
train_110_A.jpg,"[1, 0, 0, 0]"
train_111_A.jpg,"[1, 0, 0, 0]"
train_112_A.jpg,"[1, 0, 0, 0]"
train_113_A.jpg,"[1, 0, 0, 0]"
train_114_A.jpg,"[1, 0, 0, 0]"
train_115_A.jpg,"[1, 0, 0, 0]"
train_116_A.jpg,"[1, 0, 0, 0]"
train_117_A.jpg,"[1, 0, 0, 0]"
train_118_A.jpg,"[1, 0, 0, 0]"
train_119_A.jpg,"[1, 0, 0, 0]"
train_11_A.jpg,"[1, 0, 0, 0]"
train_120_A.jpg,"[1, 0, 0, 0]"
train_121_A.jpg,"[1, 0, 0, 0]"
train_122_A.jpg,"[1, 0, 0, 0]"
train_123_A.jpg,"[1, 0, 0, 0]"
train_124_A.jpg,"[1, 0, 0, 0]"
train_125_A.jpg,"[1, 0, 0, 0]"
train_126_A.jpg,"[1, 0, 0, 0]"
train_127_A.jpg,"[1, 0, 0, 0]"
train_128_A.jpg,"[1, 0, 0, 0]"
train_129_A.jpg,"[1, 0, 0, 0]"
train_12_A.jpg,"[1, 0, 0, 0]"
train_130_A.jpg,"[1, 0, 0, 0]"
train_132_A.jpg,"[1, 0, 0, 0]"
train_133_A.jpg,"[1, 0, 0, 0]"
train_134_A.jpg,"[1, 0, 0, 0]"
train_135_A.jpg,"[1, 0, 0, 0]"
train_136_A.jpg,"[1, 0, 0, 0]"
train_137_A.jpg,"[1, 0, 0, 0]"
train_139_A.jpg,"[1, 0, 0, 0]"
train_13_A.jpg,"[1, 0, 0, 0]"
train_140_A.jpg,"[1, 0, 0, 0]"
train_141_A.jpg,"[1, 0, 0, 0]"
train_142_A.jpg,"[1, 0, 0, 0]"
train_144_A.jpg,"[1, 0, 0, 0]"
train_145_A.jpg,"[1, 0, 0, 0]"
train_146_A.jpg,"[1, 0, 0, 0]"
train_147_A.jpg,"[1, 0, 0, 0]"
train_148_A.jpg,"[1, 0, 0, 0]"
train_149_A.jpg,"[1, 0, 0, 0]"
train_14_A.jpg,"[1, 0, 0, 0]"
train_150_A.jpg,"[1, 0, 0, 0]"
train_152_D.jpg,"[0, 1, 0, 0]"
train_153_D.jpg,"[0, 1, 0, 0]"
train_154_D.jpg,"[0, 1, 0, 0]"
train_156_D.jpg,"[0, 1, 0, 0]"
train_157_D.jpg,"[0, 1, 0, 0]"
train_158_D.jpg,"[0, 1, 0, 0]"
train_159_D.jpg,"[0, 1, 0, 0]"
train_15_A.jpg,"[1, 0, 0, 0]"
train_160_D.jpg,"[0, 1, 0, 0]"
train_161_D.jpg,"[0, 1, 0, 0]"
train_162_D.jpg,"[0, 1, 0, 0]"
train_164_D.jpg,"[0, 1, 0, 0]"
train_167_D.jpg,"[0, 1, 0, 0]"
train_16_A.jpg,"[1, 0, 0, 0]"
train_170_D.jpg,"[0, 1, 0, 0]"
train_171_D.jpg,"[0, 1, 0, 0]"
train_172_D.jpg,"[0, 1, 0, 0]"
train_174_D.jpg,"[0, 1, 0, 0]"
train_176_D.jpg,"[0, 1, 0, 0]"
train_177_D.jpg,"[0, 1, 0, 0]"
train_178_D.jpg,"[0, 1, 0, 0]"
train_179_D.jpg,"[0, 1, 0, 0]"
train_17_A.jpg,"[1, 0, 0, 0]"
train_180_D.jpg,"[0, 1, 0, 0]"
train_181_D.jpg,"[0, 1, 0, 0]"
train_182_D.jpg,"[0, 1, 0, 0]"
train_183_D.jpg,"[0, 1, 0, 0]"
train_184_D.jpg,"[0, 1, 0, 0]"
train_185_D.jpg,"[0, 1, 0, 0]"
train_186_D.jpg,"[0, 1, 0, 0]"
train_187_D.jpg,"[0, 1, 0, 0]"
train_188_D.jpg,"[0, 1, 0, 0]"
train_18_A.jpg,"[1, 0, 0, 0]"
train_190_D.jpg,"[0, 1, 0, 0]"
train_191_D.jpg,"[0, 1, 0, 0]"
train_192_D.jpg,"[0, 1, 0, 0]"
train_193_D.jpg,"[0, 1, 0, 0]"
train_194_D.jpg,"[0, 1, 0, 0]"
train_195_D.jpg,"[0, 1, 0, 0]"
train_196_D.jpg,"[0, 1, 0, 0]"
train_197_D.jpg,"[0, 1, 0, 0]"
train_198_D.jpg,"[0, 1, 0, 0]"
train_19_A.jpg,"[1, 0, 0, 0]"
train_1_A.jpg,"[1, 0, 0, 0]"
train_200_D.jpg,"[0, 1, 0, 0]"
train_202_D.jpg,"[0, 1, 0, 0]"
train_203_D.jpg,"[0, 1, 0, 0]"
train_204_D.jpg,"[0, 1, 0, 0]"
train_205_D.jpg,"[0, 1, 0, 0]"
train_206_D.jpg,"[0, 1, 0, 0]"
train_207_D.jpg,"[0, 1, 0, 0]"
train_208_D.jpg,"[0, 1, 0, 0]"
train_209_D.jpg,"[0, 1, 0, 0]"
train_20_A.jpg,"[1, 0, 0, 0]"
train_211_D.jpg,"[0, 1, 0, 0]"
train_212_D.jpg,"[0, 1, 0, 0]"
train_213_D.jpg,"[0, 1, 0, 0]"
train_214_D.jpg,"[0, 1, 0, 0]"
train_216_D.jpg,"[0, 1, 0, 0]"
train_217_D.jpg,"[0, 1, 0, 0]"
train_218_D.jpg,"[0, 1, 0, 0]"
train_21_A.jpg,"[1, 0, 0, 0]"
train_220_D.jpg,"[0, 1, 0, 0]"
train_221_D.jpg,"[0, 1, 0, 0]"
train_224_D.jpg,"[0, 1, 0, 0]"
train_225_D.jpg,"[0, 1, 0, 0]"
train_226_D.jpg,"[0, 1, 0, 0]"
train_227_D.jpg,"[0, 1, 0, 0]"
train_228_D.jpg,"[0, 1, 0, 0]"
train_229_D.jpg,"[0, 1, 0, 0]"
train_22_A.jpg,"[1, 0, 0, 0]"
train_230_D.jpg,"[0, 1, 0, 0]"
train_232_D.jpg,"[0, 1, 0, 0]"
train_233_D.jpg,"[0, 1, 0, 0]"
train_234_D.jpg,"[0, 1, 0, 0]"
train_235_D.jpg,"[0, 1, 0, 0]"
train_236_D.jpg,"[0, 1, 0, 0]"
train_238_D.jpg,"[0, 1, 0, 0]"
train_239_D.jpg,"[0, 1, 0, 0]"
train_23_A.jpg,"[1, 0, 0, 0]"
train_240_D.jpg,"[0, 1, 0, 0]"
train_241_D.jpg,"[0, 1, 0, 0]"
train_243_D.jpg,"[0, 1, 0, 0]"
train_244_D.jpg,"[0, 1, 0, 0]"
train_245_D.jpg,"[0, 1, 0, 0]"
train_246_D.jpg,"[0, 1, 0, 0]"
train_248_D.jpg,"[0, 1, 0, 0]"
train_249_D.jpg,"[0, 1, 0, 0]"
train_24_A.jpg,"[1, 0, 0, 0]"
train_251_D.jpg,"[0, 1, 0, 0]"
train_253_D.jpg,"[0, 1, 0, 0]"
train_254_D.jpg,"[0, 1, 0, 0]"
train_255_D.jpg,"[0, 1, 0, 0]"
train_257_D.jpg,"[0, 1, 0, 0]"
train_258_D.jpg,"[0, 1, 0, 0]"
train_259_D.jpg,"[0, 1, 0, 0]"
train_25_A.jpg,"[1, 0, 0, 0]"
train_261_D.jpg,"[0, 1, 0, 0]"
train_262_D.jpg,"[0, 1, 0, 0]"
train_263_D.jpg,"[0, 1, 0, 0]"
train_264_D.jpg,"[0, 1, 0, 0]"
train_265_D.jpg,"[0, 1, 0, 0]"
train_26_A.jpg,"[1, 0, 0, 0]"
train_271_D.jpg,"[0, 1, 0, 0]"
train_272_D.jpg,"[0, 1, 0, 0]"
train_273_D.jpg,"[0, 1, 0, 0]"
train_274_D.jpg,"[0, 1, 0, 0]"
train_275_D.jpg,"[0, 1, 0, 0]"
train_276_D.jpg,"[0, 1, 0, 0]"
train_279_D.jpg,"[0, 1, 0, 0]"
train_27_A.jpg,"[1, 0, 0, 0]"
train_282_D.jpg,"[0, 1, 0, 0]"
train_286_D.jpg,"[0, 1, 0, 0]"
train_288_D.jpg,"[0, 1, 0, 0]"
train_289_D.jpg,"[0, 1, 0, 0]"
train_28_A.jpg,"[1, 0, 0, 0]"
train_290_D.jpg,"[0, 1, 0, 0]"
train_291_D.jpg,"[0, 1, 0, 0]"
train_292_D.jpg,"[0, 1, 0, 0]"
train_293_D.jpg,"[0, 1, 0, 0]"
train_295_D.jpg,"[0, 1, 0, 0]"
train_296_D.jpg,"[0, 1, 0, 0]"
train_2_A.jpg,"[1, 0, 0, 0]"
train_300_D.jpg,"[0, 1, 0, 0]"
train_304_G.jpg,"[0, 0, 1, 0]"
train_305_G.jpg,"[0, 0, 1, 0]"
train_306_G.jpg,"[0, 0, 1, 0]"
train_308_G.jpg,"[0, 0, 1, 0]"
train_30_A.jpg,"[1, 0, 0, 0]"
train_310_G.jpg,"[0, 0, 1, 0]"
train_311_G.jpg,"[0, 0, 1, 0]"
train_312_G.jpg,"[0, 0, 1, 0]"
train_313_G.jpg,"[0, 0, 1, 0]"
train_314_G.jpg,"[0, 0, 1, 0]"
train_315_G.jpg,"[0, 0, 1, 0]"
train_318_G.jpg,"[0, 0, 1, 0]"
train_31_A.jpg,"[1, 0, 0, 0]"
train_322_G.jpg,"[0, 0, 1, 0]"
train_327_G.jpg,"[0, 0, 1, 0]"
train_329_G.jpg,"[0, 0, 1, 0]"
train_32_A.jpg,"[1, 0, 0, 0]"
train_333_G.jpg,"[0, 0, 1, 0]"
train_339_G.jpg,"[0, 0, 1, 0]"
train_33_A.jpg,"[1, 0, 0, 0]"
train_340_G.jpg,"[0, 0, 1, 0]"
train_342_G.jpg,"[0, 0, 1, 0]"
train_343_G.jpg,"[0, 0, 1, 0]"
train_344_G.jpg,"[0, 0, 1, 0]"
train_345_G.jpg,"[0, 0, 1, 0]"
train_346_G.jpg,"[0, 0, 1, 0]"
train_347_G.jpg,"[0, 0, 1, 0]"
train_348_G.jpg,"[0, 0, 1, 0]"
train_34_A.jpg,"[1, 0, 0, 0]"
train_350_G.jpg,"[0, 0, 1, 0]"
train_351_G.jpg,"[0, 0, 1, 0]"
train_356_G.jpg,"[0, 0, 1, 0]"
train_357_G.jpg,"[0, 0, 1, 0]"
train_358_G.jpg,"[0, 0, 1, 0]"
train_359_G.jpg,"[0, 0, 1, 0]"
train_35_A.jpg,"[1, 0, 0, 0]"
train_367_G.jpg,"[0, 0, 1, 0]"
train_36_A.jpg,"[1, 0, 0, 0]"
train_376_G.jpg,"[0, 0, 1, 0]"
train_378_G.jpg,"[0, 0, 1, 0]"
train_37_A.jpg,"[1, 0, 0, 0]"
train_383_G.jpg,"[0, 0, 1, 0]"
train_386_G.jpg,"[0, 0, 1, 0]"
train_387_G.jpg,"[0, 0, 1, 0]"
train_388_G.jpg,"[0, 0, 1, 0]"
train_389_G.jpg,"[0, 0, 1, 0]"
train_38_A.jpg,"[1, 0, 0, 0]"
train_390_G.jpg,"[0, 0, 1, 0]"
train_392_G.jpg,"[0, 0, 1, 0]"
train_396_G.jpg,"[0, 0, 1, 0]"
train_397_G.jpg,"[0, 0, 1, 0]"
train_398_G.jpg,"[0, 0, 1, 0]"
train_39_A.jpg,"[1, 0, 0, 0]"
train_3_A.jpg,"[1, 0, 0, 0]"
train_402_G.jpg,"[0, 0, 1, 0]"
train_403_G.jpg,"[0, 0, 1, 0]"
train_407_G.jpg,"[0, 0, 1, 0]"
train_408_G.jpg,"[0, 0, 1, 0]"
train_409_G.jpg,"[0, 0, 1, 0]"
train_40_A.jpg,"[1, 0, 0, 0]"
train_411_G.jpg,"[0, 0, 1, 0]"
train_412_G.jpg,"[0, 0, 1, 0]"
train_413_G.jpg,"[0, 0, 1, 0]"
train_414_G.jpg,"[0, 0, 1, 0]"
train_417_G.jpg,"[0, 0, 1, 0]"
train_418_G.jpg,"[0, 0, 1, 0]"
train_419_G.jpg,"[0, 0, 1, 0]"
train_41_A.jpg,"[1, 0, 0, 0]"
train_420_G.jpg,"[0, 0, 1, 0]"
train_421_G.jpg,"[0, 0, 1, 0]"
train_422_G.jpg,"[0, 0, 1, 0]"
train_423_G.jpg,"[0, 0, 1, 0]"
train_424_G.jpg,"[0, 0, 1, 0]"
train_425_G.jpg,"[0, 0, 1, 0]"
train_426_G.jpg,"[0, 0, 1, 0]"
train_428_G.jpg,"[0, 0, 1, 0]"
train_429_G.jpg,"[0, 0, 1, 0]"
train_42_A.jpg,"[1, 0, 0, 0]"
train_430_G.jpg,"[0, 0, 1, 0]"
train_431_G.jpg,"[0, 0, 1, 0]"
train_432_G.jpg,"[0, 0, 1, 0]"
train_433_G.jpg,"[0, 0, 1, 0]"
train_435_G.jpg,"[0, 0, 1, 0]"
train_436_G.jpg,"[0, 0, 1, 0]"
train_437_G.jpg,"[0, 0, 1, 0]"
train_43_A.jpg,"[1, 0, 0, 0]"
train_440_G.jpg,"[0, 0, 1, 0]"
train_441_G.jpg,"[0, 0, 1, 0]"
train_444_G.jpg,"[0, 0, 1, 0]"
train_445_G.jpg,"[0, 0, 1, 0]"
train_446_G.jpg,"[0, 0, 1, 0]"
train_450_G.jpg,"[0, 0, 1, 0]"
train_451_N.jpg,"[0, 0, 0, 1]"
train_452_N.jpg,"[0, 0, 0, 1]"
train_455_N.jpg,"[0, 0, 0, 1]"
train_457_N.jpg,"[0, 0, 0, 1]"
train_458_N.jpg,"[0, 0, 0, 1]"
train_459_N.jpg,"[0, 0, 0, 1]"
train_45_A.jpg,"[1, 0, 0, 0]"
train_460_N.jpg,"[0, 0, 0, 1]"
train_461_N.jpg,"[0, 0, 0, 1]"
train_462_N.jpg,"[0, 0, 0, 1]"
train_463_N.jpg,"[0, 0, 0, 1]"
train_465_N.jpg,"[0, 0, 0, 1]"
train_466_N.jpg,"[0, 0, 0, 1]"
train_467_N.jpg,"[0, 0, 0, 1]"
train_468_N.jpg,"[0, 0, 0, 1]"
train_469_N.jpg,"[0, 0, 0, 1]"
train_46_A.jpg,"[1, 0, 0, 0]"
train_470_N.jpg,"[0, 0, 0, 1]"
train_471_N.jpg,"[0, 0, 0, 1]"
train_472_N.jpg,"[0, 0, 0, 1]"
train_473_N.jpg,"[0, 0, 0, 1]"
train_474_N.jpg,"[0, 0, 0, 1]"
train_475_N.jpg,"[0, 0, 0, 1]"
train_476_N.jpg,"[0, 0, 0, 1]"
train_477_N.jpg,"[0, 0, 0, 1]"
train_478_N.jpg,"[0, 0, 0, 1]"
train_479_N.jpg,"[0, 0, 0, 1]"
train_47_A.jpg,"[1, 0, 0, 0]"
train_480_N.jpg,"[0, 0, 0, 1]"
train_481_N.jpg,"[0, 0, 0, 1]"
train_482_N.jpg,"[0, 0, 0, 1]"
train_483_N.jpg,"[0, 0, 0, 1]"
train_484_N.jpg,"[0, 0, 0, 1]"
train_485_N.jpg,"[0, 0, 0, 1]"
train_486_N.jpg,"[0, 0, 0, 1]"
train_487_N.jpg,"[0, 0, 0, 1]"
train_488_N.jpg,"[0, 0, 0, 1]"
train_489_N.jpg,"[0, 0, 0, 1]"
train_48_A.jpg,"[1, 0, 0, 0]"
train_490_N.jpg,"[0, 0, 0, 1]"
train_491_N.jpg,"[0, 0, 0, 1]"
train_492_N.jpg,"[0, 0, 0, 1]"
train_493_N.jpg,"[0, 0, 0, 1]"
train_494_N.jpg,"[0, 0, 0, 1]"
train_495_N.jpg,"[0, 0, 0, 1]"
train_496_N.jpg,"[0, 0, 0, 1]"
train_497_N.jpg,"[0, 0, 0, 1]"
train_498_N.jpg,"[0, 0, 0, 1]"
train_499_N.jpg,"[0, 0, 0, 1]"
train_49_A.jpg,"[1, 0, 0, 0]"
train_4_A.jpg,"[1, 0, 0, 0]"
train_500_N.jpg,"[0, 0, 0, 1]"
train_501_N.jpg,"[0, 0, 0, 1]"
train_502_N.jpg,"[0, 0, 0, 1]"
train_503_N.jpg,"[0, 0, 0, 1]"
train_504_N.jpg,"[0, 0, 0, 1]"
train_505_N.jpg,"[0, 0, 0, 1]"
train_506_N.jpg,"[0, 0, 0, 1]"
train_507_N.jpg,"[0, 0, 0, 1]"
train_508_N.jpg,"[0, 0, 0, 1]"
train_509_N.jpg,"[0, 0, 0, 1]"
train_50_A.jpg,"[1, 0, 0, 0]"
train_510_N.jpg,"[0, 0, 0, 1]"
train_511_N.jpg,"[0, 0, 0, 1]"
train_512_N.jpg,"[0, 0, 0, 1]"
train_513_N.jpg,"[0, 0, 0, 1]"
train_514_N.jpg,"[0, 0, 0, 1]"
train_515_N.jpg,"[0, 0, 0, 1]"
train_516_N.jpg,"[0, 0, 0, 1]"
train_517_N.jpg,"[0, 0, 0, 1]"
train_518_N.jpg,"[0, 0, 0, 1]"
train_519_N.jpg,"[0, 0, 0, 1]"
train_51_A.jpg,"[1, 0, 0, 0]"
train_520_N.jpg,"[0, 0, 0, 1]"
train_521_N.jpg,"[0, 0, 0, 1]"
train_522_N.jpg,"[0, 0, 0, 1]"
train_523_N.jpg,"[0, 0, 0, 1]"
train_524_N.jpg,"[0, 0, 0, 1]"
train_525_N.jpg,"[0, 0, 0, 1]"
train_526_N.jpg,"[0, 0, 0, 1]"
train_527_N.jpg,"[0, 0, 0, 1]"
train_528_N.jpg,"[0, 0, 0, 1]"
train_529_N.jpg,"[0, 0, 0, 1]"
train_52_A.jpg,"[1, 0, 0, 0]"
train_530_N.jpg,"[0, 0, 0, 1]"
train_532_N.jpg,"[0, 0, 0, 1]"
train_533_N.jpg,"[0, 0, 0, 1]"
train_534_N.jpg,"[0, 0, 0, 1]"
train_535_N.jpg,"[0, 0, 0, 1]"
train_536_N.jpg,"[0, 0, 0, 1]"
train_537_N.jpg,"[0, 0, 0, 1]"
train_538_N.jpg,"[0, 0, 0, 1]"
train_539_N.jpg,"[0, 0, 0, 1]"
train_53_A.jpg,"[1, 0, 0, 0]"
train_540_N.jpg,"[0, 0, 0, 1]"
train_541_N.jpg,"[0, 0, 0, 1]"
train_542_N.jpg,"[0, 0, 0, 1]"
train_543_N.jpg,"[0, 0, 0, 1]"
train_544_N.jpg,"[0, 0, 0, 1]"
train_545_N.jpg,"[0, 0, 0, 1]"
train_546_N.jpg,"[0, 0, 0, 1]"
train_547_N.jpg,"[0, 0, 0, 1]"
train_548_N.jpg,"[0, 0, 0, 1]"
train_549_N.jpg,"[0, 0, 0, 1]"
train_54_A.jpg,"[1, 0, 0, 0]"
train_550_N.jpg,"[0, 0, 0, 1]"
train_551_N.jpg,"[0, 0, 0, 1]"
train_552_N.jpg,"[0, 0, 0, 1]"
train_553_N.jpg,"[0, 0, 0, 1]"
train_554_N.jpg,"[0, 0, 0, 1]"
train_555_N.jpg,"[0, 0, 0, 1]"
train_556_N.jpg,"[0, 0, 0, 1]"
train_557_N.jpg,"[0, 0, 0, 1]"
train_558_N.jpg,"[0, 0, 0, 1]"
train_559_N.jpg,"[0, 0, 0, 1]"
train_55_A.jpg,"[1, 0, 0, 0]"
train_560_N.jpg,"[0, 0, 0, 1]"
train_561_N.jpg,"[0, 0, 0, 1]"
train_562_N.jpg,"[0, 0, 0, 1]"
train_563_N.jpg,"[0, 0, 0, 1]"
train_564_N.jpg,"[0, 0, 0, 1]"
train_565_N.jpg,"[0, 0, 0, 1]"
train_566_N.jpg,"[0, 0, 0, 1]"
train_567_N.jpg,"[0, 0, 0, 1]"
train_568_N.jpg,"[0, 0, 0, 1]"
train_569_N.jpg,"[0, 0, 0, 1]"
train_56_A.jpg,"[1, 0, 0, 0]"
train_570_N.jpg,"[0, 0, 0, 1]"
train_571_N.jpg,"[0, 0, 0, 1]"
train_572_N.jpg,"[0, 0, 0, 1]"
train_573_N.jpg,"[0, 0, 0, 1]"
train_574_N.jpg,"[0, 0, 0, 1]"
train_575_N.jpg,"[0, 0, 0, 1]"
train_576_N.jpg,"[0, 0, 0, 1]"
train_577_N.jpg,"[0, 0, 0, 1]"
train_578_N.jpg,"[0, 0, 0, 1]"
train_579_N.jpg,"[0, 0, 0, 1]"
train_57_A.jpg,"[1, 0, 0, 0]"
train_580_N.jpg,"[0, 0, 0, 1]"
train_581_N.jpg,"[0, 0, 0, 1]"
train_582_N.jpg,"[0, 0, 0, 1]"
train_583_N.jpg,"[0, 0, 0, 1]"
train_584_N.jpg,"[0, 0, 0, 1]"
train_585_N.jpg,"[0, 0, 0, 1]"
train_586_N.jpg,"[0, 0, 0, 1]"
train_587_N.jpg,"[0, 0, 0, 1]"
train_588_N.jpg,"[0, 0, 0, 1]"
train_589_N.jpg,"[0, 0, 0, 1]"
train_58_A.jpg,"[1, 0, 0, 0]"
train_590_N.jpg,"[0, 0, 0, 1]"
train_591_N.jpg,"[0, 0, 0, 1]"
train_592_N.jpg,"[0, 0, 0, 1]"
train_593_N.jpg,"[0, 0, 0, 1]"
train_594_N.jpg,"[0, 0, 0, 1]"
train_595_N.jpg,"[0, 0, 0, 1]"
train_596_N.jpg,"[0, 0, 0, 1]"
train_597_N.jpg,"[0, 0, 0, 1]"
train_598_N.jpg,"[0, 0, 0, 1]"
train_599_N.jpg,"[0, 0, 0, 1]"
train_5_A.jpg,"[1, 0, 0, 0]"
train_600_N.jpg,"[0, 0, 0, 1]"
train_60_A.jpg,"[1, 0, 0, 0]"
train_61_A.jpg,"[1, 0, 0, 0]"
train_62_A.jpg,"[1, 0, 0, 0]"
train_63_A.jpg,"[1, 0, 0, 0]"
train_64_A.jpg,"[1, 0, 0, 0]"
train_65_A.jpg,"[1, 0, 0, 0]"
train_67_A.jpg,"[1, 0, 0, 0]"
train_68_A.jpg,"[1, 0, 0, 0]"
train_69_A.jpg,"[1, 0, 0, 0]"
train_6_A.jpg,"[1, 0, 0, 0]"
train_70_A.jpg,"[1, 0, 0, 0]"
train_71_A.jpg,"[1, 0, 0, 0]"
train_72_A.jpg,"[1, 0, 0, 0]"
train_73_A.jpg,"[1, 0, 0, 0]"
train_74_A.jpg,"[1, 0, 0, 0]"
train_75_A.jpg,"[1, 0, 0, 0]"
train_78_A.jpg,"[1, 0, 0, 0]"
train_79_A.jpg,"[1, 0, 0, 0]"
train_7_A.jpg,"[1, 0, 0, 0]"
train_80_A.jpg,"[1, 0, 0, 0]"
train_81_A.jpg,"[1, 0, 0, 0]"
train_86_A.jpg,"[1, 0, 0, 0]"
train_87_A.jpg,"[1, 0, 0, 0]"
train_88_A.jpg,"[1, 0, 0, 0]"
train_89_A.jpg,"[1, 0, 0, 0]"
train_8_A.jpg,"[1, 0, 0, 0]"
train_90_A.jpg,"[1, 0, 0, 0]"
train_92_A.jpg,"[1, 0, 0, 0]"
train_93_A.jpg,"[1, 0, 0, 0]"
train_94_A.jpg,"[1, 0, 0, 0]"
train_95_A.jpg,"[1, 0, 0, 0]"
train_96_A.jpg,"[1, 0, 0, 0]"
train_97_A.jpg,"[1, 0, 0, 0]"
train_9_A.jpg,"[1, 0, 0, 0]"
test_100_D.jpg,"[0, 1, 0, 0]"
test_105_G.jpg,"[0, 0, 1, 0]"
test_106_G.jpg,"[0, 0, 1, 0]"
test_107_G.jpg,"[0, 0, 1, 0]"
test_109_G.jpg,"[0, 0, 1, 0]"
test_110_G.jpg,"[0, 0, 1, 0]"
test_115_G.jpg,"[0, 0, 1, 0]"
test_117_G.jpg,"[0, 0, 1, 0]"
test_118_G.jpg,"[0, 0, 1, 0]"
test_11_A.jpg,"[1, 0, 0, 0]"
test_125_G.jpg,"[0, 0, 1, 0]"
test_126_G.jpg,"[0, 0, 1, 0]"
test_127_G.jpg,"[0, 0, 1, 0]"
test_12_A.jpg,"[1, 0, 0, 0]"
test_130_G.jpg,"[0, 0, 1, 0]"
test_131_G.jpg,"[0, 0, 1, 0]"
test_132_G.jpg,"[0, 0, 1, 0]"
test_139_G.jpg,"[0, 0, 1, 0]"
test_13_A.jpg,"[1, 0, 0, 0]"
test_140_G.jpg,"[0, 0, 1, 0]"
test_141_G.jpg,"[0, 0, 1, 0]"
test_142_G.jpg,"[0, 0, 1, 0]"
test_143_G.jpg,"[0, 0, 1, 0]"
test_146_G.jpg,"[0, 0, 1, 0]"
test_147_G.jpg,"[0, 0, 1, 0]"
test_14_A.jpg,"[1, 0, 0, 0]"
test_150_G.jpg,"[0, 0, 1, 0]"
test_151_N.jpg,"[0, 0, 0, 1]"
test_158_N.jpg,"[0, 0, 0, 1]"
test_159_N.jpg,"[0, 0, 0, 1]"
test_15_A.jpg,"[1, 0, 0, 0]"
test_161_N.jpg,"[0, 0, 0, 1]"
test_162_N.jpg,"[0, 0, 0, 1]"
test_166_N.jpg,"[0, 0, 0, 1]"
test_167_N.jpg,"[0, 0, 0, 1]"
test_16_A.jpg,"[1, 0, 0, 0]"
test_171_N.jpg,"[0, 0, 0, 1]"
test_172_N.jpg,"[0, 0, 0, 1]"
test_173_N.jpg,"[0, 0, 0, 1]"
test_174_N.jpg,"[0, 0, 0, 1]"
test_175_N.jpg,"[0, 0, 0, 1]"
test_176_N.jpg,"[0, 0, 0, 1]"
test_177_N.jpg,"[0, 0, 0, 1]"
test_178_N.jpg,"[0, 0, 0, 1]"
test_179_N.jpg,"[0, 0, 0, 1]"
test_17_A.jpg,"[1, 0, 0, 0]"
test_180_N.jpg,"[0, 0, 0, 1]"
test_181_N.jpg,"[0, 0, 0, 1]"
test_182_N.jpg,"[0, 0, 0, 1]"
test_184_N.jpg,"[0, 0, 0, 1]"
test_185_N.jpg,"[0, 0, 0, 1]"
test_186_N.jpg,"[0, 0, 0, 1]"
test_187_N.jpg,"[0, 0, 0, 1]"
test_188_N.jpg,"[0, 0, 0, 1]"
test_189_N.jpg,"[0, 0, 0, 1]"
test_190_N.jpg,"[0, 0, 0, 1]"
test_191_N.jpg,"[0, 0, 0, 1]"
test_193_N.jpg,"[0, 0, 0, 1]"
test_194_N.jpg,"[0, 0, 0, 1]"
test_195_N.jpg,"[0, 0, 0, 1]"
test_198_N.jpg,"[0, 0, 0, 1]"
test_199_N.jpg,"[0, 0, 0, 1]"
test_1_A.jpg,"[1, 0, 0, 0]"
test_200_N.jpg,"[0, 0, 0, 1]"
test_20_A.jpg,"[1, 0, 0, 0]"
test_21_A.jpg,"[1, 0, 0, 0]"
test_22_A.jpg,"[1, 0, 0, 0]"
test_23_A.jpg,"[1, 0, 0, 0]"
test_25_A.jpg,"[1, 0, 0, 0]"
test_26_A.jpg,"[1, 0, 0, 0]"
test_28_A.jpg,"[1, 0, 0, 0]"
test_29_A.jpg,"[1, 0, 0, 0]"
test_2_A.jpg,"[1, 0, 0, 0]"
test_30_A.jpg,"[1, 0, 0, 0]"
test_31_A.jpg,"[1, 0, 0, 0]"
test_32_A.jpg,"[1, 0, 0, 0]"
test_33_A.jpg,"[1, 0, 0, 0]"
test_34_A.jpg,"[1, 0, 0, 0]"
test_35_A.jpg,"[1, 0, 0, 0]"
test_36_A.jpg,"[1, 0, 0, 0]"
test_38_A.jpg,"[1, 0, 0, 0]"
test_39_A.jpg,"[1, 0, 0, 0]"
test_3_A.jpg,"[1, 0, 0, 0]"
test_40_A.jpg,"[1, 0, 0, 0]"
test_41_A.jpg,"[1, 0, 0, 0]"
test_42_A.jpg,"[1, 0, 0, 0]"
test_44_A.jpg,"[1, 0, 0, 0]"
test_45_A.jpg,"[1, 0, 0, 0]"
test_46_A.jpg,"[1, 0, 0, 0]"
test_48_A.jpg,"[1, 0, 0, 0]"
test_49_A.jpg,"[1, 0, 0, 0]"
test_4_A.jpg,"[1, 0, 0, 0]"
test_50_A.jpg,"[1, 0, 0, 0]"
test_52_D.jpg,"[0, 1, 0, 0]"
test_54_D.jpg,"[0, 1, 0, 0]"
test_56_D.jpg,"[0, 1, 0, 0]"
test_58_D.jpg,"[0, 1, 0, 0]"
test_59_D.jpg,"[0, 1, 0, 0]"
test_5_A.jpg,"[1, 0, 0, 0]"
test_60_D.jpg,"[0, 1, 0, 0]"
test_67_D.jpg,"[0, 1, 0, 0]"
test_68_D.jpg,"[0, 1, 0, 0]"
test_69_D.jpg,"[0, 1, 0, 0]"
test_6_A.jpg,"[1, 0, 0, 0]"
test_70_D.jpg,"[0, 1, 0, 0]"
test_71_D.jpg,"[0, 1, 0, 0]"
test_72_D.jpg,"[0, 1, 0, 0]"
test_73_D.jpg,"[0, 1, 0, 0]"
test_74_D.jpg,"[0, 1, 0, 0]"
test_75_D.jpg,"[0, 1, 0, 0]"
test_77_D.jpg,"[0, 1, 0, 0]"
test_78_D.jpg,"[0, 1, 0, 0]"
test_79_D.jpg,"[0, 1, 0, 0]"
test_7_A.jpg,"[1, 0, 0, 0]"
test_80_D.jpg,"[0, 1, 0, 0]"
test_81_D.jpg,"[0, 1, 0, 0]"
test_83_D.jpg,"[0, 1, 0, 0]"
test_84_D.jpg,"[0, 1, 0, 0]"
test_85_D.jpg,"[0, 1, 0, 0]"
test_86_D.jpg,"[0, 1, 0, 0]"
test_87_D.jpg,"[0, 1, 0, 0]"
test_88_D.jpg,"[0, 1, 0, 0]"
test_89_D.jpg,"[0, 1, 0, 0]"
test_8_A.jpg,"[1, 0, 0, 0]"
test_90_D.jpg,"[0, 1, 0, 0]"
test_91_D.jpg,"[0, 1, 0, 0]"
test_92_D.jpg,"[0, 1, 0, 0]"
test_93_D.jpg,"[0, 1, 0, 0]"
test_96_D.jpg,"[0, 1, 0, 0]"
test_97_D.jpg,"[0, 1, 0, 0]"
test_98_D.jpg,"[0, 1, 0, 0]"
test_99_D.jpg,"[0, 1, 0, 0]"
test_9_A.jpg,"[1, 0, 0, 0]"
